-- phpMyAdmin SQL Dump
-- version 5.2.3
-- https://www.phpmyadmin.net/
--
-- Host: 127.0.0.1:3306
-- Generation Time: Jun 21, 2026 at 09:50 AM
-- Server version: 8.4.7
-- PHP Version: 8.3.28

SET SQL_MODE = "NO_AUTO_VALUE_ON_ZERO";
START TRANSACTION;
SET time_zone = "+00:00";


/*!40101 SET @OLD_CHARACTER_SET_CLIENT=@@CHARACTER_SET_CLIENT */;
/*!40101 SET @OLD_CHARACTER_SET_RESULTS=@@CHARACTER_SET_RESULTS */;
/*!40101 SET @OLD_COLLATION_CONNECTION=@@COLLATION_CONNECTION */;
/*!40101 SET NAMES utf8mb4 */;

--
-- Database: `tms_db`
--

-- --------------------------------------------------------

--
-- Table structure for table `accounting_audit_log`
--

DROP TABLE IF EXISTS `accounting_audit_log`;
CREATE TABLE IF NOT EXISTS `accounting_audit_log` (
  `id` bigint UNSIGNED NOT NULL AUTO_INCREMENT,
  `entity_type` varchar(50) COLLATE utf8mb4_unicode_ci NOT NULL,
  `entity_id` bigint UNSIGNED NOT NULL,
  `action` varchar(50) COLLATE utf8mb4_unicode_ci NOT NULL,
  `old_values` json DEFAULT NULL,
  `new_values` json DEFAULT NULL,
  `user_id` bigint UNSIGNED DEFAULT NULL,
  `ip_address` varchar(45) COLLATE utf8mb4_unicode_ci DEFAULT NULL,
  `user_agent` varchar(255) COLLATE utf8mb4_unicode_ci DEFAULT NULL,
  `created_at` timestamp NOT NULL DEFAULT CURRENT_TIMESTAMP,
  PRIMARY KEY (`id`),
  KEY `idx_entity` (`entity_type`,`entity_id`),
  KEY `idx_action` (`action`),
  KEY `idx_user_id` (`user_id`),
  KEY `idx_created_at` (`created_at`)
) ENGINE=InnoDB DEFAULT CHARSET=utf8mb4 COLLATE=utf8mb4_unicode_ci;

-- --------------------------------------------------------

--
-- Table structure for table `accounts`
--

DROP TABLE IF EXISTS `accounts`;
CREATE TABLE IF NOT EXISTS `accounts` (
  `id` bigint UNSIGNED NOT NULL AUTO_INCREMENT,
  `account_code` varchar(30) COLLATE utf8mb4_unicode_ci NOT NULL,
  `account_name` varchar(150) COLLATE utf8mb4_unicode_ci NOT NULL,
  `account_group_id` bigint UNSIGNED NOT NULL,
  `opening_balance` decimal(15,2) NOT NULL DEFAULT '0.00',
  `opening_balance_type` enum('DEBIT','CREDIT') COLLATE utf8mb4_unicode_ci NOT NULL DEFAULT 'DEBIT',
  `current_balance` decimal(15,2) NOT NULL DEFAULT '0.00',
  `is_active` tinyint(1) NOT NULL DEFAULT '1',
  `is_system` tinyint(1) NOT NULL DEFAULT '0',
  `branch_id` bigint UNSIGNED DEFAULT NULL,
  `created_by` bigint UNSIGNED DEFAULT NULL,
  `created_at` timestamp NOT NULL DEFAULT CURRENT_TIMESTAMP,
  `updated_at` timestamp NOT NULL DEFAULT CURRENT_TIMESTAMP ON UPDATE CURRENT_TIMESTAMP,
  `deleted_at` timestamp NULL DEFAULT NULL,
  PRIMARY KEY (`id`),
  UNIQUE KEY `account_code` (`account_code`),
  KEY `idx_account_code` (`account_code`),
  KEY `idx_account_name` (`account_name`),
  KEY `idx_account_group_id` (`account_group_id`),
  KEY `idx_branch_id` (`branch_id`),
  KEY `idx_is_active` (`is_active`)
) ENGINE=InnoDB AUTO_INCREMENT=13 DEFAULT CHARSET=utf8mb4 COLLATE=utf8mb4_unicode_ci;

--
-- Dumping data for table `accounts`
--

INSERT INTO `accounts` (`id`, `account_code`, `account_name`, `account_group_id`, `opening_balance`, `opening_balance_type`, `current_balance`, `is_active`, `is_system`, `branch_id`, `created_by`, `created_at`, `updated_at`, `deleted_at`) VALUES
(1, 'CASH_MAIN', 'Main Cash Account', 10, 0.00, 'DEBIT', 0.00, 1, 1, NULL, NULL, '2026-06-21 06:02:15', '2026-06-21 06:02:15', NULL),
(2, 'CASH_PETTY', 'Petty Cash', 10, 0.00, 'DEBIT', 0.00, 1, 1, NULL, NULL, '2026-06-21 06:02:15', '2026-06-21 06:02:15', NULL),
(3, 'BANK_MAIN', 'Main Bank Account', 11, 0.00, 'DEBIT', 0.00, 1, 1, NULL, NULL, '2026-06-21 06:02:15', '2026-06-21 06:02:15', NULL),
(4, 'BANK_SAVINGS', 'Savings Bank Account', 11, 0.00, 'DEBIT', 0.00, 1, 1, NULL, NULL, '2026-06-21 06:02:15', '2026-06-21 06:02:15', NULL),
(5, 'CAPITAL_OWNER', 'Owner Capital', 3, 0.00, 'CREDIT', 0.00, 1, 1, NULL, NULL, '2026-06-21 06:02:15', '2026-06-21 06:02:15', NULL),
(6, 'FUEL_DIESEL', 'Diesel Fuel Expense', 14, 0.00, 'DEBIT', 0.00, 1, 1, NULL, NULL, '2026-06-21 06:02:15', '2026-06-21 06:02:15', NULL),
(7, 'FUEL_PETROL', 'Petrol Fuel Expense', 14, 0.00, 'DEBIT', 0.00, 1, 1, NULL, NULL, '2026-06-21 06:02:15', '2026-06-21 06:02:15', NULL),
(8, 'VEH_MAINTENANCE', 'Vehicle Maintenance', 15, 0.00, 'DEBIT', 0.00, 1, 1, NULL, NULL, '2026-06-21 06:02:15', '2026-06-21 06:02:15', NULL),
(9, 'VEH_REPAIRS', 'Vehicle Repairs', 15, 0.00, 'DEBIT', 0.00, 1, 1, NULL, NULL, '2026-06-21 06:02:15', '2026-06-21 06:02:15', NULL),
(10, 'DRIVER_SALARY_WAGES', 'Driver Salary & Wages', 16, 0.00, 'DEBIT', 0.00, 1, 1, NULL, NULL, '2026-06-21 06:02:15', '2026-06-21 06:02:15', NULL),
(11, 'SALES_FREIGHT', 'Freight Sales', 17, 0.00, 'CREDIT', 0.00, 1, 1, NULL, NULL, '2026-06-21 06:02:15', '2026-06-21 06:02:15', NULL),
(12, 'SALES_LOADING', 'Loading Charges', 17, 0.00, 'CREDIT', 0.00, 1, 1, NULL, NULL, '2026-06-21 06:02:15', '2026-06-21 06:02:15', NULL);

-- --------------------------------------------------------

--
-- Table structure for table `account_groups`
--

DROP TABLE IF EXISTS `account_groups`;
CREATE TABLE IF NOT EXISTS `account_groups` (
  `id` bigint UNSIGNED NOT NULL AUTO_INCREMENT,
  `group_code` varchar(20) COLLATE utf8mb4_unicode_ci NOT NULL,
  `group_name` varchar(100) COLLATE utf8mb4_unicode_ci NOT NULL,
  `parent_id` bigint UNSIGNED DEFAULT NULL,
  `group_type` enum('ASSETS','LIABILITIES','CAPITAL','INCOME','EXPENSES') COLLATE utf8mb4_unicode_ci NOT NULL,
  `nature` enum('DEBIT','CREDIT') COLLATE utf8mb4_unicode_ci NOT NULL,
  `is_primary` tinyint(1) NOT NULL DEFAULT '0',
  `is_system` tinyint(1) NOT NULL DEFAULT '0',
  `sort_order` int NOT NULL DEFAULT '0',
  `created_at` timestamp NOT NULL DEFAULT CURRENT_TIMESTAMP,
  `updated_at` timestamp NOT NULL DEFAULT CURRENT_TIMESTAMP ON UPDATE CURRENT_TIMESTAMP,
  `deleted_at` timestamp NULL DEFAULT NULL,
  PRIMARY KEY (`id`),
  UNIQUE KEY `group_code` (`group_code`),
  KEY `idx_group_code` (`group_code`),
  KEY `idx_parent_id` (`parent_id`),
  KEY `idx_group_type` (`group_type`),
  KEY `idx_sort_order` (`sort_order`)
) ENGINE=InnoDB AUTO_INCREMENT=19 DEFAULT CHARSET=utf8mb4 COLLATE=utf8mb4_unicode_ci;

--
-- Dumping data for table `account_groups`
--

INSERT INTO `account_groups` (`id`, `group_code`, `group_name`, `parent_id`, `group_type`, `nature`, `is_primary`, `is_system`, `sort_order`, `created_at`, `updated_at`, `deleted_at`) VALUES
(1, 'ASSETS', 'Assets', NULL, 'ASSETS', 'DEBIT', 1, 1, 1, '2026-06-21 06:02:15', '2026-06-21 06:02:15', NULL),
(2, 'LIABILITIES', 'Liabilities', NULL, 'LIABILITIES', 'CREDIT', 1, 1, 2, '2026-06-21 06:02:15', '2026-06-21 06:02:15', NULL),
(3, 'CAPITAL', 'Capital', NULL, 'CAPITAL', 'CREDIT', 1, 1, 3, '2026-06-21 06:02:15', '2026-06-21 06:02:15', NULL),
(4, 'INCOME', 'Income', NULL, 'INCOME', 'CREDIT', 1, 1, 4, '2026-06-21 06:02:15', '2026-06-21 06:02:15', NULL),
(5, 'EXPENSES', 'Expenses', NULL, 'EXPENSES', 'DEBIT', 1, 1, 5, '2026-06-21 06:02:15', '2026-06-21 06:02:15', NULL),
(6, 'CURRENT_ASSETS', 'Current Assets', 1, 'ASSETS', 'DEBIT', 0, 1, 10, '2026-06-21 06:02:15', '2026-06-21 06:02:15', NULL),
(7, 'FIXED_ASSETS', 'Fixed Assets', 1, 'ASSETS', 'DEBIT', 0, 1, 11, '2026-06-21 06:02:15', '2026-06-21 06:02:15', NULL),
(8, 'CURRENT_LIABILITIES', 'Current Liabilities', 2, 'LIABILITIES', 'CREDIT', 0, 1, 20, '2026-06-21 06:02:15', '2026-06-21 06:02:15', NULL),
(9, 'LONG_TERM_LIABILITIE', 'Long Term Liabilities', 2, 'LIABILITIES', 'CREDIT', 0, 1, 21, '2026-06-21 06:02:15', '2026-06-21 06:02:15', NULL),
(10, 'CASH', 'Cash', 6, 'ASSETS', 'DEBIT', 0, 1, 100, '2026-06-21 06:02:15', '2026-06-21 06:02:15', NULL),
(11, 'BANK', 'Bank', 6, 'ASSETS', 'DEBIT', 0, 1, 101, '2026-06-21 06:02:15', '2026-06-21 06:02:15', NULL),
(12, 'SUNDRY_DEBTORS', 'Sundry Debtors', 6, 'ASSETS', 'DEBIT', 0, 1, 102, '2026-06-21 06:02:15', '2026-06-21 06:02:15', NULL),
(13, 'SUNDRY_CREDITORS', 'Sundry Creditors', 8, 'LIABILITIES', 'CREDIT', 0, 1, 200, '2026-06-21 06:02:15', '2026-06-21 06:02:15', NULL),
(14, 'FUEL_EXPENSES', 'Fuel Expenses', 5, 'EXPENSES', 'DEBIT', 0, 1, 300, '2026-06-21 06:02:15', '2026-06-21 06:02:15', NULL),
(15, 'VEHICLE_EXPENSES', 'Vehicle Expenses', 5, 'EXPENSES', 'DEBIT', 0, 1, 301, '2026-06-21 06:02:15', '2026-06-21 06:02:15', NULL),
(16, 'DRIVER_SALARY', 'Driver Salary', 5, 'EXPENSES', 'DEBIT', 0, 1, 302, '2026-06-21 06:02:15', '2026-06-21 06:02:15', NULL),
(17, 'SALES_INCOME', 'Sales Income', 4, 'INCOME', 'CREDIT', 0, 1, 400, '2026-06-21 06:02:15', '2026-06-21 06:02:15', NULL),
(18, 'SERVICE_INCOME', 'Service Income', 4, 'INCOME', 'CREDIT', 0, 1, 401, '2026-06-21 06:02:15', '2026-06-21 06:02:15', NULL);

-- --------------------------------------------------------

--
-- Table structure for table `branches`
--

DROP TABLE IF EXISTS `branches`;
CREATE TABLE IF NOT EXISTS `branches` (
  `id` bigint UNSIGNED NOT NULL AUTO_INCREMENT,
  `name` varchar(100) NOT NULL,
  `address_tamil` varchar(500) DEFAULT NULL,
  `address_english` varchar(500) DEFAULT NULL,
  `phones` varchar(255) DEFAULT NULL,
  `settings_slot` tinyint DEFAULT NULL COMMENT '0-2 Settings letterhead slots',
  `code` varchar(20) NOT NULL,
  `location` varchar(255) DEFAULT NULL,
  `is_main` tinyint(1) NOT NULL DEFAULT '0',
  `is_active` tinyint(1) NOT NULL DEFAULT '1',
  `is_default` tinyint(1) NOT NULL DEFAULT '0',
  `created_at` timestamp NULL DEFAULT CURRENT_TIMESTAMP,
  `updated_at` timestamp NULL DEFAULT CURRENT_TIMESTAMP ON UPDATE CURRENT_TIMESTAMP,
  PRIMARY KEY (`id`),
  UNIQUE KEY `code` (`code`)
) ENGINE=InnoDB AUTO_INCREMENT=50024 DEFAULT CHARSET=utf8mb4 COLLATE=utf8mb4_0900_ai_ci;

--
-- Dumping data for table `branches`
--

INSERT INTO `branches` (`id`, `name`, `address_tamil`, `address_english`, `phones`, `settings_slot`, `code`, `location`, `is_main`, `is_active`, `is_default`, `created_at`, `updated_at`) VALUES
(1, 'Colombo', NULL, NULL, NULL, 0, 'COL', NULL, 0, 1, 1, '2026-06-21 08:48:53', '2026-06-21 08:48:53'),
(2, 'Kilinochchi', NULL, NULL, NULL, 1, 'KIL', NULL, 1, 1, 0, '2026-06-21 08:48:53', '2026-06-21 09:46:56'),
(3, 'Mullaitivu', NULL, NULL, NULL, 2, 'MUL', NULL, 0, 1, 0, '2026-06-21 08:48:53', '2026-06-21 08:48:53');

-- --------------------------------------------------------

--
-- Table structure for table `cashbook_accounts`
--

DROP TABLE IF EXISTS `cashbook_accounts`;
CREATE TABLE IF NOT EXISTS `cashbook_accounts` (
  `id` int UNSIGNED NOT NULL AUTO_INCREMENT,
  `name` varchar(120) COLLATE utf8mb4_unicode_ci NOT NULL,
  `description` text COLLATE utf8mb4_unicode_ci,
  `branch_id` int UNSIGNED DEFAULT NULL,
  `type` enum('cash','bank','branch','customer','supplier','employee') COLLATE utf8mb4_unicode_ci NOT NULL DEFAULT 'cash',
  `account_kind` enum('cash','bank','digital','receivable') COLLATE utf8mb4_unicode_ci DEFAULT NULL,
  `opening_balance` decimal(14,2) NOT NULL DEFAULT '0.00',
  `balance` decimal(14,2) NOT NULL DEFAULT '0.00',
  `sort_order` int NOT NULL DEFAULT '0',
  `customer_id` int UNSIGNED DEFAULT NULL,
  `supplier_id` int UNSIGNED DEFAULT NULL,
  `employee_id` int UNSIGNED DEFAULT NULL,
  `status` enum('active','inactive') COLLATE utf8mb4_unicode_ci NOT NULL DEFAULT 'active',
  `is_system` tinyint(1) NOT NULL DEFAULT '0',
  `created_at` datetime NOT NULL DEFAULT CURRENT_TIMESTAMP,
  PRIMARY KEY (`id`),
  UNIQUE KEY `uq_cashbook_acc_customer` (`customer_id`),
  UNIQUE KEY `uq_cashbook_acc_supplier` (`supplier_id`),
  UNIQUE KEY `uq_cashbook_acc_employee` (`employee_id`),
  KEY `idx_cashbook_acc_branch` (`branch_id`),
  KEY `idx_cashbook_acc_sort` (`sort_order`),
  KEY `idx_cashbook_acc_status` (`status`)
) ENGINE=InnoDB AUTO_INCREMENT=13 DEFAULT CHARSET=utf8mb4 COLLATE=utf8mb4_unicode_ci;

--
-- Dumping data for table `cashbook_accounts`
--

INSERT INTO `cashbook_accounts` (`id`, `name`, `description`, `branch_id`, `type`, `account_kind`, `opening_balance`, `balance`, `sort_order`, `customer_id`, `supplier_id`, `employee_id`, `status`, `is_system`, `created_at`) VALUES
(1, 'Cash Book', NULL, NULL, 'cash', 'cash', 0.00, 295958.00, 1, NULL, NULL, NULL, 'active', 1, '2026-03-22 03:11:57'),
(2, 'T.S', NULL, NULL, 'cash', 'cash', 0.00, 0.00, 2, NULL, NULL, NULL, 'active', 1, '2026-03-22 03:11:57'),
(3, 'JATHU', NULL, NULL, 'cash', 'cash', 0.00, 0.00, 3, NULL, NULL, NULL, 'active', 0, '2026-03-24 00:58:31'),
(4, 'THUVA', NULL, NULL, 'cash', 'cash', 0.00, 0.00, 4, NULL, NULL, NULL, 'active', 0, '2026-03-27 01:10:20'),
(5, 'THUVA', NULL, NULL, 'cash', 'cash', 0.00, 0.00, 5, NULL, NULL, NULL, 'active', 0, '2026-03-27 01:10:27'),
(6, 'JUDE', NULL, NULL, 'cash', 'cash', 0.00, 0.00, 6, NULL, NULL, NULL, 'active', 0, '2026-03-31 08:02:00'),
(7, 'Jude Alvis ŕ®ŻŕŻ‚ŕ®źŕŻŤ ŕ®…ŕ®˛ŕŻŤŕ®µŕ®żŕ®¸ŕŻŤ', NULL, NULL, 'customer', 'receivable', 0.00, 5000.00, 7, NULL, NULL, NULL, 'inactive', 0, '2026-04-02 03:42:36'),
(8, 'ZEMIRA', NULL, NULL, 'customer', 'receivable', 0.00, 0.00, 8, NULL, NULL, NULL, 'inactive', 0, '2026-04-02 03:42:36'),
(9, 'JATHU', NULL, NULL, 'customer', 'receivable', 0.00, 0.00, 9, NULL, NULL, NULL, 'inactive', 0, '2026-04-02 03:42:36'),
(10, 'THUVA BROTHERS', NULL, NULL, 'customer', 'receivable', 0.00, 0.00, 10, NULL, NULL, NULL, 'inactive', 0, '2026-04-02 03:42:36'),
(11, 'test', NULL, NULL, 'customer', 'receivable', 0.00, 0.00, 11, 106, NULL, NULL, 'active', 0, '2026-06-21 14:07:35'),
(12, 'vijaykumar keerththeejan', NULL, NULL, 'customer', 'receivable', 0.00, 0.00, 12, 107, NULL, NULL, 'active', 0, '2026-06-21 14:24:14');

-- --------------------------------------------------------

--
-- Table structure for table `cashbook_audit_logs`
--

DROP TABLE IF EXISTS `cashbook_audit_logs`;
CREATE TABLE IF NOT EXISTS `cashbook_audit_logs` (
  `id` bigint UNSIGNED NOT NULL AUTO_INCREMENT,
  `entity` varchar(40) COLLATE utf8mb4_unicode_ci NOT NULL,
  `entity_id` varchar(64) COLLATE utf8mb4_unicode_ci NOT NULL,
  `action` varchar(20) COLLATE utf8mb4_unicode_ci NOT NULL,
  `user_id` int UNSIGNED DEFAULT NULL,
  `ip` varchar(64) COLLATE utf8mb4_unicode_ci DEFAULT NULL,
  `meta_json` text COLLATE utf8mb4_unicode_ci,
  `created_at` datetime NOT NULL DEFAULT CURRENT_TIMESTAMP,
  PRIMARY KEY (`id`),
  KEY `idx_cashbook_audit_entity` (`entity`,`entity_id`),
  KEY `idx_cashbook_audit_created` (`created_at`),
  KEY `idx_cashbook_audit_user` (`user_id`)
) ENGINE=InnoDB DEFAULT CHARSET=utf8mb4 COLLATE=utf8mb4_unicode_ci;

-- --------------------------------------------------------

--
-- Table structure for table `cashbook_transactions`
--

DROP TABLE IF EXISTS `cashbook_transactions`;
CREATE TABLE IF NOT EXISTS `cashbook_transactions` (
  `id` int UNSIGNED NOT NULL AUTO_INCREMENT,
  `account_id` int UNSIGNED NOT NULL,
  `txn_type` enum('income','expense') COLLATE utf8mb4_unicode_ci NOT NULL,
  `amount` decimal(14,2) NOT NULL,
  `occurred_at` datetime NOT NULL,
  `notes` text COLLATE utf8mb4_unicode_ci,
  `reference_no` varchar(80) COLLATE utf8mb4_unicode_ci DEFAULT NULL,
  `parcel_id` int UNSIGNED DEFAULT NULL,
  `items_json` text COLLATE utf8mb4_unicode_ci,
  `attachment_path` varchar(255) COLLATE utf8mb4_unicode_ci DEFAULT NULL,
  `created_by` int UNSIGNED DEFAULT NULL,
  `created_at` datetime NOT NULL DEFAULT CURRENT_TIMESTAMP,
  PRIMARY KEY (`id`),
  KEY `idx_cashbook_txn_account_time` (`account_id`,`occurred_at`),
  KEY `idx_cashbook_txn_parcel` (`parcel_id`)
) ENGINE=InnoDB AUTO_INCREMENT=13 DEFAULT CHARSET=utf8mb4 COLLATE=utf8mb4_unicode_ci;

--
-- Dumping data for table `cashbook_transactions`
--

INSERT INTO `cashbook_transactions` (`id`, `account_id`, `txn_type`, `amount`, `occurred_at`, `notes`, `reference_no`, `parcel_id`, `items_json`, `attachment_path`, `created_by`, `created_at`) VALUES
(8, 1, 'income', 150000.00, '2026-04-02 13:45:00', NULL, NULL, NULL, NULL, NULL, NULL, '2026-04-02 04:15:42'),
(9, 1, 'income', 150025.00, '2026-04-02 13:46:00', NULL, NULL, NULL, NULL, NULL, NULL, '2026-04-02 04:17:06'),
(10, 1, 'income', 1200.00, '2026-04-02 13:47:00', 'BIIL 5453', NULL, NULL, NULL, NULL, NULL, '2026-04-02 04:18:14'),
(11, 1, 'expense', 300.00, '2026-04-02 13:47:00', NULL, NULL, NULL, NULL, NULL, NULL, '2026-04-02 04:18:25'),
(12, 1, 'income', 33.00, '2026-04-02 13:54:00', NULL, NULL, NULL, NULL, NULL, NULL, '2026-04-02 04:24:32');

-- --------------------------------------------------------

--
-- Table structure for table `cashbook_transfers`
--

DROP TABLE IF EXISTS `cashbook_transfers`;
CREATE TABLE IF NOT EXISTS `cashbook_transfers` (
  `id` int UNSIGNED NOT NULL AUTO_INCREMENT,
  `from_account_id` int UNSIGNED NOT NULL,
  `to_account_id` int UNSIGNED NOT NULL,
  `amount` decimal(14,2) NOT NULL,
  `occurred_at` datetime NOT NULL,
  `notes` text COLLATE utf8mb4_unicode_ci,
  `created_by` int UNSIGNED DEFAULT NULL,
  `created_at` datetime NOT NULL DEFAULT CURRENT_TIMESTAMP,
  PRIMARY KEY (`id`),
  KEY `idx_cashbook_tr_from` (`from_account_id`,`occurred_at`),
  KEY `idx_cashbook_tr_to` (`to_account_id`,`occurred_at`)
) ENGINE=InnoDB AUTO_INCREMENT=2 DEFAULT CHARSET=utf8mb4 COLLATE=utf8mb4_unicode_ci;

--
-- Dumping data for table `cashbook_transfers`
--

INSERT INTO `cashbook_transfers` (`id`, `from_account_id`, `to_account_id`, `amount`, `occurred_at`, `notes`, `created_by`, `created_at`) VALUES
(1, 1, 7, 5000.00, '2026-04-02 13:44:00', NULL, 27, '2026-04-02 04:16:07');

-- --------------------------------------------------------

--
-- Table structure for table `cost_centers`
--

DROP TABLE IF EXISTS `cost_centers`;
CREATE TABLE IF NOT EXISTS `cost_centers` (
  `id` bigint UNSIGNED NOT NULL AUTO_INCREMENT,
  `cost_center_code` varchar(20) COLLATE utf8mb4_unicode_ci NOT NULL,
  `cost_center_name` varchar(100) COLLATE utf8mb4_unicode_ci NOT NULL,
  `parent_id` bigint UNSIGNED DEFAULT NULL,
  `is_active` tinyint(1) NOT NULL DEFAULT '1',
  `branch_id` bigint UNSIGNED DEFAULT NULL,
  `created_at` timestamp NOT NULL DEFAULT CURRENT_TIMESTAMP,
  `updated_at` timestamp NOT NULL DEFAULT CURRENT_TIMESTAMP ON UPDATE CURRENT_TIMESTAMP,
  PRIMARY KEY (`id`),
  UNIQUE KEY `cost_center_code` (`cost_center_code`),
  KEY `idx_cost_center_code` (`cost_center_code`),
  KEY `idx_parent_id` (`parent_id`),
  KEY `idx_branch_id` (`branch_id`)
) ENGINE=InnoDB DEFAULT CHARSET=utf8mb4 COLLATE=utf8mb4_unicode_ci;

-- --------------------------------------------------------

--
-- Table structure for table `customers`
--

DROP TABLE IF EXISTS `customers`;
CREATE TABLE IF NOT EXISTS `customers` (
  `id` bigint UNSIGNED NOT NULL AUTO_INCREMENT,
  `name` varchar(120) NOT NULL,
  `phone` varchar(20) DEFAULT NULL,
  `email` varchar(180) DEFAULT NULL,
  `address` varchar(255) DEFAULT NULL,
  `delivery_location` varchar(120) DEFAULT NULL,
  `place_id` varchar(191) DEFAULT NULL,
  `lat` decimal(10,7) DEFAULT NULL,
  `lng` decimal(10,7) DEFAULT NULL,
  `customer_type` enum('regular','corporate') DEFAULT NULL,
  `created_at` timestamp NULL DEFAULT CURRENT_TIMESTAMP,
  `updated_at` timestamp NULL DEFAULT CURRENT_TIMESTAMP ON UPDATE CURRENT_TIMESTAMP,
  PRIMARY KEY (`id`),
  UNIQUE KEY `phone` (`phone`),
  KEY `idx_customers_phone` (`phone`),
  KEY `idx_customers_email` (`email`)
) ENGINE=InnoDB AUTO_INCREMENT=108 DEFAULT CHARSET=utf8mb4 COLLATE=utf8mb4_0900_ai_ci;

--
-- Dumping data for table `customers`
--

INSERT INTO `customers` (`id`, `name`, `phone`, `email`, `address`, `delivery_location`, `place_id`, `lat`, `lng`, `customer_type`, `created_at`, `updated_at`) VALUES
(107, 'vijaykumar keerththeejan', '0778870135', 'emmentagrossist@gmail.com', 'Kilinochchi', 'A -09', NULL, NULL, NULL, 'regular', '2026-06-21 08:54:14', '2026-06-21 08:54:14');

-- --------------------------------------------------------

--
-- Table structure for table `delivery_notes`
--

DROP TABLE IF EXISTS `delivery_notes`;
CREATE TABLE IF NOT EXISTS `delivery_notes` (
  `id` bigint UNSIGNED NOT NULL AUTO_INCREMENT,
  `customer_id` bigint UNSIGNED NOT NULL,
  `branch_id` bigint UNSIGNED NOT NULL,
  `delivery_date` date NOT NULL,
  `total_amount` decimal(12,2) NOT NULL DEFAULT '0.00',
  `invoice_number` varchar(32) DEFAULT NULL,
  `discount` decimal(12,2) NOT NULL DEFAULT '0.00',
  `created_at` timestamp NULL DEFAULT CURRENT_TIMESTAMP,
  `updated_at` timestamp NULL DEFAULT CURRENT_TIMESTAMP ON UPDATE CURRENT_TIMESTAMP,
  `last_email_status` varchar(10) DEFAULT NULL,
  `last_emailed_at` datetime DEFAULT NULL,
  `last_email_subject` varchar(255) DEFAULT NULL,
  `last_email_text` mediumtext,
  PRIMARY KEY (`id`),
  UNIQUE KEY `uq_dn_customer_date_branch` (`customer_id`,`delivery_date`,`branch_id`),
  KEY `fk_dn_branch` (`branch_id`)
) ENGINE=InnoDB AUTO_INCREMENT=131 DEFAULT CHARSET=utf8mb4 COLLATE=utf8mb4_0900_ai_ci;

-- --------------------------------------------------------

--
-- Table structure for table `delivery_note_emails`
--

DROP TABLE IF EXISTS `delivery_note_emails`;
CREATE TABLE IF NOT EXISTS `delivery_note_emails` (
  `id` int NOT NULL AUTO_INCREMENT,
  `delivery_note_id` bigint UNSIGNED NOT NULL,
  `to_email` varchar(255) NOT NULL,
  `subject` varchar(255) NOT NULL,
  `html_body` mediumtext,
  `text_body` mediumtext,
  `status` enum('sent','failed') NOT NULL,
  `error` text,
  `created_at` timestamp NOT NULL DEFAULT CURRENT_TIMESTAMP,
  PRIMARY KEY (`id`),
  KEY `idx_dn` (`delivery_note_id`)
) ENGINE=InnoDB AUTO_INCREMENT=21 DEFAULT CHARSET=utf8mb4 COLLATE=utf8mb4_0900_ai_ci;

-- --------------------------------------------------------

--
-- Table structure for table `delivery_note_parcels`
--

DROP TABLE IF EXISTS `delivery_note_parcels`;
CREATE TABLE IF NOT EXISTS `delivery_note_parcels` (
  `id` bigint UNSIGNED NOT NULL AUTO_INCREMENT,
  `delivery_note_id` bigint UNSIGNED NOT NULL,
  `parcel_id` bigint UNSIGNED NOT NULL,
  `amount` decimal(12,2) NOT NULL DEFAULT '0.00',
  PRIMARY KEY (`id`),
  UNIQUE KEY `parcel_id` (`parcel_id`),
  KEY `idx_dnp_dn` (`delivery_note_id`)
) ENGINE=InnoDB AUTO_INCREMENT=151 DEFAULT CHARSET=utf8mb4 COLLATE=utf8mb4_0900_ai_ci;

-- --------------------------------------------------------

--
-- Table structure for table `delivery_routes`
--

DROP TABLE IF EXISTS `delivery_routes`;
CREATE TABLE IF NOT EXISTS `delivery_routes` (
  `id` int NOT NULL AUTO_INCREMENT,
  `name` varchar(255) NOT NULL,
  `created_at` timestamp NULL DEFAULT CURRENT_TIMESTAMP,
  PRIMARY KEY (`id`)
) ENGINE=MyISAM AUTO_INCREMENT=3 DEFAULT CHARSET=latin1;

--
-- Dumping data for table `delivery_routes`
--

INSERT INTO `delivery_routes` (`id`, `name`, `created_at`) VALUES
(1, 'A -09', '2026-03-06 08:23:11'),
(2, 'DIPO', '2026-03-06 08:23:24');

-- --------------------------------------------------------

--
-- Table structure for table `delivery_route_assignments`
--

DROP TABLE IF EXISTS `delivery_route_assignments`;
CREATE TABLE IF NOT EXISTS `delivery_route_assignments` (
  `id` bigint UNSIGNED NOT NULL AUTO_INCREMENT,
  `customer_id` bigint UNSIGNED NOT NULL,
  `branch_id` bigint UNSIGNED NOT NULL,
  `delivery_date` date NOT NULL,
  `vehicle_no` varchar(60) NOT NULL,
  `updated_at` timestamp NULL DEFAULT CURRENT_TIMESTAMP ON UPDATE CURRENT_TIMESTAMP,
  PRIMARY KEY (`id`),
  UNIQUE KEY `uniq_customer_branch_date` (`customer_id`,`branch_id`,`delivery_date`),
  KEY `fk_dra_branch` (`branch_id`)
) ENGINE=InnoDB AUTO_INCREMENT=90 DEFAULT CHARSET=utf8mb4 COLLATE=utf8mb4_0900_ai_ci;

-- --------------------------------------------------------

--
-- Table structure for table `employees`
--

DROP TABLE IF EXISTS `employees`;
CREATE TABLE IF NOT EXISTS `employees` (
  `id` bigint UNSIGNED NOT NULL AUTO_INCREMENT,
  `emp_code` varchar(30) COLLATE utf8mb4_unicode_ci NOT NULL,
  `name` varchar(120) COLLATE utf8mb4_unicode_ci NOT NULL,
  `first_name` varchar(100) COLLATE utf8mb4_unicode_ci DEFAULT NULL,
  `last_name` varchar(100) COLLATE utf8mb4_unicode_ci DEFAULT NULL,
  `email` varchar(150) COLLATE utf8mb4_unicode_ci DEFAULT NULL,
  `phone` varchar(25) COLLATE utf8mb4_unicode_ci DEFAULT NULL,
  `address` text COLLATE utf8mb4_unicode_ci,
  `position` varchar(80) COLLATE utf8mb4_unicode_ci NOT NULL,
  `role` varchar(100) COLLATE utf8mb4_unicode_ci DEFAULT NULL,
  `license_number` varchar(50) COLLATE utf8mb4_unicode_ci DEFAULT NULL,
  `license_expiry` date DEFAULT NULL,
  `vehicle_id` bigint UNSIGNED DEFAULT NULL,
  `branch_id` bigint UNSIGNED NOT NULL,
  `join_date` date DEFAULT NULL,
  `status` enum('active','inactive','suspended') COLLATE utf8mb4_unicode_ci DEFAULT 'active',
  `created_at` timestamp NULL DEFAULT CURRENT_TIMESTAMP,
  `updated_at` timestamp NULL DEFAULT CURRENT_TIMESTAMP ON UPDATE CURRENT_TIMESTAMP,
  PRIMARY KEY (`id`),
  UNIQUE KEY `emp_code` (`emp_code`),
  UNIQUE KEY `email` (`email`),
  KEY `idx_role` (`role`),
  KEY `idx_phone` (`phone`),
  KEY `idx_branch` (`branch_id`),
  KEY `vehicle_id` (`vehicle_id`),
  KEY `idx_employees_email` (`email`),
  KEY `idx_employees_phone` (`phone`),
  KEY `idx_employees_status` (`status`)
) ENGINE=InnoDB AUTO_INCREMENT=51 DEFAULT CHARSET=utf8mb4 COLLATE=utf8mb4_unicode_ci;

-- --------------------------------------------------------

--
-- Table structure for table `employee_advances`
--

DROP TABLE IF EXISTS `employee_advances`;
CREATE TABLE IF NOT EXISTS `employee_advances` (
  `id` bigint UNSIGNED NOT NULL AUTO_INCREMENT,
  `employee_id` bigint UNSIGNED NOT NULL,
  `branch_id` bigint UNSIGNED NOT NULL,
  `amount` decimal(12,2) NOT NULL,
  `advance_date` date NOT NULL,
  `purpose` varchar(255) DEFAULT NULL,
  `settled` tinyint(1) NOT NULL DEFAULT '0',
  `created_by` bigint UNSIGNED DEFAULT NULL,
  `created_at` timestamp NULL DEFAULT CURRENT_TIMESTAMP,
  PRIMARY KEY (`id`),
  KEY `idx_emp_adv_employee` (`employee_id`),
  KEY `idx_emp_adv_branch` (`branch_id`),
  KEY `idx_emp_adv_date` (`advance_date`),
  KEY `fk_emp_adv_user` (`created_by`)
) ENGINE=InnoDB AUTO_INCREMENT=4 DEFAULT CHARSET=utf8mb4 COLLATE=utf8mb4_0900_ai_ci;

-- --------------------------------------------------------

--
-- Table structure for table `employee_advance_payments`
--

DROP TABLE IF EXISTS `employee_advance_payments`;
CREATE TABLE IF NOT EXISTS `employee_advance_payments` (
  `id` bigint UNSIGNED NOT NULL AUTO_INCREMENT,
  `advance_id` bigint UNSIGNED NOT NULL,
  `amount` decimal(12,2) NOT NULL,
  `paid_at` datetime NOT NULL,
  `notes` varchar(255) DEFAULT NULL,
  `created_by` bigint UNSIGNED DEFAULT NULL,
  `created_at` timestamp NULL DEFAULT CURRENT_TIMESTAMP,
  PRIMARY KEY (`id`),
  KEY `idx_adv_pay_adv` (`advance_id`),
  KEY `idx_adv_pay_paid_at` (`paid_at`),
  KEY `fk_adv_pay_user` (`created_by`)
) ENGINE=InnoDB AUTO_INCREMENT=4 DEFAULT CHARSET=utf8mb4 COLLATE=utf8mb4_0900_ai_ci;

-- --------------------------------------------------------

--
-- Table structure for table `employee_payments`
--

DROP TABLE IF EXISTS `employee_payments`;
CREATE TABLE IF NOT EXISTS `employee_payments` (
  `id` bigint UNSIGNED NOT NULL AUTO_INCREMENT,
  `voucher_id` bigint UNSIGNED NOT NULL COMMENT 'Reference to payment voucher',
  `employee_id` bigint UNSIGNED NOT NULL COMMENT 'Employee being paid',
  `salary_amount` decimal(15,2) NOT NULL DEFAULT '0.00' COMMENT 'Salary component',
  `advance_amount` decimal(15,2) NOT NULL DEFAULT '0.00' COMMENT 'Advance payment',
  `bonus_amount` decimal(15,2) NOT NULL DEFAULT '0.00' COMMENT 'Bonus/incentive',
  `ot_payment` decimal(15,2) NOT NULL DEFAULT '0.00' COMMENT 'Overtime payment',
  `allowance_amount` decimal(15,2) NOT NULL DEFAULT '0.00' COMMENT 'Allowances',
  `deduction_amount` decimal(15,2) NOT NULL DEFAULT '0.00' COMMENT 'Deductions (loans, etc)',
  `total_payment` decimal(15,2) NOT NULL DEFAULT '0.00' COMMENT 'Total payment amount',
  `employee_balance_before` decimal(15,2) NOT NULL DEFAULT '0.00' COMMENT 'Employee ledger balance before payment',
  `employee_balance_after` decimal(15,2) NOT NULL DEFAULT '0.00' COMMENT 'Employee ledger balance after payment',
  `payment_date` date NOT NULL COMMENT 'Date payment was made',
  `payment_status` enum('PENDING','POSTED','RECONCILED','CANCELLED') COLLATE utf8mb4_unicode_ci NOT NULL DEFAULT 'PENDING',
  `created_at` timestamp NOT NULL DEFAULT CURRENT_TIMESTAMP,
  `updated_at` timestamp NOT NULL DEFAULT CURRENT_TIMESTAMP ON UPDATE CURRENT_TIMESTAMP,
  PRIMARY KEY (`id`),
  KEY `idx_voucher_id` (`voucher_id`),
  KEY `idx_employee_id` (`employee_id`),
  KEY `idx_payment_date` (`payment_date`),
  KEY `idx_payment_status` (`payment_status`)
) ENGINE=InnoDB DEFAULT CHARSET=utf8mb4 COLLATE=utf8mb4_unicode_ci COMMENT='Employee payment tracking and breakdown';

-- --------------------------------------------------------

--
-- Table structure for table `employee_payroll`
--

DROP TABLE IF EXISTS `employee_payroll`;
CREATE TABLE IF NOT EXISTS `employee_payroll` (
  `id` bigint UNSIGNED NOT NULL AUTO_INCREMENT,
  `employee_id` bigint UNSIGNED NOT NULL,
  `month_year` char(7) NOT NULL,
  `basic_salary` decimal(12,2) NOT NULL DEFAULT '0.00',
  `epf_employee` decimal(12,2) NOT NULL DEFAULT '0.00',
  `epf_employer` decimal(12,2) NOT NULL DEFAULT '0.00',
  `etf` decimal(12,2) NOT NULL DEFAULT '0.00',
  `allowance` decimal(12,2) NOT NULL DEFAULT '0.00',
  `deductions` decimal(12,2) NOT NULL DEFAULT '0.00',
  `net_salary` decimal(12,2) GENERATED ALWAYS AS ((((`basic_salary` + `allowance`) - `deductions`) - `epf_employee`)) STORED,
  `created_at` timestamp NULL DEFAULT CURRENT_TIMESTAMP,
  PRIMARY KEY (`id`),
  KEY `idx_emp_month` (`employee_id`,`month_year`)
) ENGINE=InnoDB AUTO_INCREMENT=6 DEFAULT CHARSET=utf8mb4 COLLATE=utf8mb4_0900_ai_ci;

-- --------------------------------------------------------

--
-- Table structure for table `expenses`
--

DROP TABLE IF EXISTS `expenses`;
CREATE TABLE IF NOT EXISTS `expenses` (
  `id` bigint UNSIGNED NOT NULL AUTO_INCREMENT,
  `expense_type` varchar(50) DEFAULT NULL,
  `amount` decimal(12,2) NOT NULL,
  `branch_id` bigint UNSIGNED NOT NULL,
  `expense_date` date NOT NULL,
  `notes` varchar(255) DEFAULT NULL,
  `credit_party` varchar(150) DEFAULT NULL,
  `credit_due_date` date DEFAULT NULL,
  `credit_settled` tinyint(1) NOT NULL DEFAULT '0',
  `approved_by` bigint UNSIGNED DEFAULT NULL,
  `created_at` timestamp NULL DEFAULT CURRENT_TIMESTAMP,
  `updated_at` timestamp NULL DEFAULT CURRENT_TIMESTAMP ON UPDATE CURRENT_TIMESTAMP,
  `is_credit` tinyint(1) NOT NULL DEFAULT '0',
  `paid_amount` decimal(12,2) NOT NULL DEFAULT '0.00',
  `settled_at` datetime DEFAULT NULL,
  `payment_mode` varchar(10) DEFAULT NULL,
  PRIMARY KEY (`id`),
  KEY `fk_expenses_approver` (`approved_by`),
  KEY `idx_expenses_branch` (`branch_id`),
  KEY `idx_expenses_date` (`expense_date`)
) ENGINE=InnoDB AUTO_INCREMENT=32 DEFAULT CHARSET=utf8mb4 COLLATE=utf8mb4_0900_ai_ci;

-- --------------------------------------------------------

--
-- Table structure for table `expense_payments`
--

DROP TABLE IF EXISTS `expense_payments`;
CREATE TABLE IF NOT EXISTS `expense_payments` (
  `id` bigint UNSIGNED NOT NULL AUTO_INCREMENT,
  `expense_id` bigint UNSIGNED NOT NULL,
  `amount` decimal(12,2) NOT NULL,
  `paid_at` datetime NOT NULL,
  `paid_by` bigint UNSIGNED DEFAULT NULL,
  `notes` varchar(255) DEFAULT NULL,
  `created_at` timestamp NULL DEFAULT CURRENT_TIMESTAMP,
  PRIMARY KEY (`id`),
  KEY `fk_exp_pay_user` (`paid_by`),
  KEY `idx_exp_pay_expense` (`expense_id`),
  KEY `idx_exp_pay_paid_at` (`paid_at`)
) ENGINE=InnoDB AUTO_INCREMENT=6 DEFAULT CHARSET=utf8mb4 COLLATE=utf8mb4_0900_ai_ci;

-- --------------------------------------------------------

--
-- Table structure for table `invoices`
--

DROP TABLE IF EXISTS `invoices`;
CREATE TABLE IF NOT EXISTS `invoices` (
  `invoice_id` int UNSIGNED NOT NULL AUTO_INCREMENT,
  `customer_id` bigint UNSIGNED NOT NULL,
  `from_branch_id` int UNSIGNED DEFAULT NULL,
  `to_branch_id` int UNSIGNED DEFAULT NULL,
  `invoice_date` date NOT NULL,
  `invoice_no` varchar(32) NOT NULL,
  `parcel_count` int UNSIGNED NOT NULL DEFAULT '0',
  `total_quantity` decimal(14,2) NOT NULL DEFAULT '0.00',
  `total_weight` decimal(14,2) NOT NULL DEFAULT '0.00',
  `freight_charges` decimal(14,2) NOT NULL DEFAULT '0.00',
  `delivery_charges` decimal(14,2) NOT NULL DEFAULT '0.00',
  `tax_amount` decimal(14,2) NOT NULL DEFAULT '0.00',
  `discount_amount` decimal(14,2) NOT NULL DEFAULT '0.00',
  `subtotal` decimal(14,2) NOT NULL DEFAULT '0.00',
  `grand_total` decimal(14,2) NOT NULL DEFAULT '0.00',
  `status` enum('open','closed','cancelled') NOT NULL DEFAULT 'open',
  `created_at` timestamp NOT NULL DEFAULT CURRENT_TIMESTAMP,
  `updated_at` timestamp NOT NULL DEFAULT CURRENT_TIMESTAMP ON UPDATE CURRENT_TIMESTAMP,
  PRIMARY KEY (`invoice_id`),
  UNIQUE KEY `uq_invoices_invoice_no` (`invoice_no`),
  UNIQUE KEY `uq_invoices_bill_group` (`customer_id`,`invoice_date`,`from_branch_id`,`to_branch_id`),
  KEY `idx_invoices_date` (`invoice_date`),
  KEY `idx_invoices_customer` (`customer_id`)
) ENGINE=InnoDB AUTO_INCREMENT=4 DEFAULT CHARSET=utf8mb4 COLLATE=utf8mb4_0900_ai_ci;

--
-- Dumping data for table `invoices`
--

INSERT INTO `invoices` (`invoice_id`, `customer_id`, `from_branch_id`, `to_branch_id`, `invoice_date`, `invoice_no`, `parcel_count`, `total_quantity`, `total_weight`, `freight_charges`, `delivery_charges`, `tax_amount`, `discount_amount`, `subtotal`, `grand_total`, `status`, `created_at`, `updated_at`) VALUES
(3, 106, 1, 2, '2026-06-21', 'INV-20260621-003', 0, 0.00, 0.00, 0.00, 0.00, 0.00, 0.00, 0.00, 0.00, 'open', '2026-06-21 08:37:55', '2026-06-21 08:38:30');

-- --------------------------------------------------------

--
-- Table structure for table `invoice_day_sequences`
--

DROP TABLE IF EXISTS `invoice_day_sequences`;
CREATE TABLE IF NOT EXISTS `invoice_day_sequences` (
  `bill_date` date NOT NULL,
  `last_seq` int UNSIGNED NOT NULL DEFAULT '0',
  `updated_at` timestamp NOT NULL DEFAULT CURRENT_TIMESTAMP ON UPDATE CURRENT_TIMESTAMP,
  PRIMARY KEY (`bill_date`)
) ENGINE=InnoDB DEFAULT CHARSET=utf8mb4 COLLATE=utf8mb4_0900_ai_ci;

--
-- Dumping data for table `invoice_day_sequences`
--

INSERT INTO `invoice_day_sequences` (`bill_date`, `last_seq`, `updated_at`) VALUES
('2026-06-21', 3, '2026-06-21 08:37:55');

-- --------------------------------------------------------

--
-- Table structure for table `ledger_accounts`
--

DROP TABLE IF EXISTS `ledger_accounts`;
CREATE TABLE IF NOT EXISTS `ledger_accounts` (
  `id` bigint UNSIGNED NOT NULL AUTO_INCREMENT,
  `account_code` varchar(50) COLLATE utf8mb4_unicode_ci NOT NULL COMMENT 'Unique account code/GL code',
  `account_name` varchar(255) COLLATE utf8mb4_unicode_ci NOT NULL COMMENT 'Account name',
  `account_type` enum('ASSET','LIABILITY','EQUITY','INCOME','EXPENSE','BANK','CASH','CUSTOMER','SUPPLIER','EMPLOYEE','SUSPENSE') COLLATE utf8mb4_unicode_ci NOT NULL COMMENT 'Type of account',
  `parent_account_id` bigint UNSIGNED DEFAULT NULL COMMENT 'Parent account for hierarchy',
  `account_level` int NOT NULL DEFAULT '1' COMMENT 'Hierarchy level',
  `current_balance` decimal(15,2) NOT NULL DEFAULT '0.00' COMMENT 'Current account balance',
  `opening_balance` decimal(15,2) NOT NULL DEFAULT '0.00' COMMENT 'Opening balance',
  `is_active` tinyint(1) NOT NULL DEFAULT '1' COMMENT 'Whether account is active',
  `allow_manual_entry` tinyint(1) NOT NULL DEFAULT '1' COMMENT 'Allow manual journal entries',
  `is_header` tinyint(1) NOT NULL DEFAULT '0' COMMENT 'Is this a header/group account',
  `description` text COLLATE utf8mb4_unicode_ci COMMENT 'Account description',
  `created_at` timestamp NOT NULL DEFAULT CURRENT_TIMESTAMP,
  `updated_at` timestamp NOT NULL DEFAULT CURRENT_TIMESTAMP ON UPDATE CURRENT_TIMESTAMP,
  PRIMARY KEY (`id`),
  UNIQUE KEY `account_code` (`account_code`),
  KEY `idx_account_code` (`account_code`),
  KEY `idx_account_type` (`account_type`),
  KEY `idx_parent_account_id` (`parent_account_id`),
  KEY `idx_is_active` (`is_active`)
) ENGINE=InnoDB AUTO_INCREMENT=13 DEFAULT CHARSET=utf8mb4 COLLATE=utf8mb4_unicode_ci COMMENT='Master ledger accounts for accounting system';

--
-- Dumping data for table `ledger_accounts`
--

INSERT INTO `ledger_accounts` (`id`, `account_code`, `account_name`, `account_type`, `parent_account_id`, `account_level`, `current_balance`, `opening_balance`, `is_active`, `allow_manual_entry`, `is_header`, `description`, `created_at`, `updated_at`) VALUES
(1, '1001', 'Cash on Hand', 'CASH', NULL, 1, 0.00, 0.00, 1, 1, 0, NULL, '2026-06-20 04:02:13', '2026-06-20 04:02:13'),
(2, '1002', 'Bank Account', 'BANK', NULL, 1, 0.00, 0.00, 1, 1, 0, NULL, '2026-06-20 04:02:13', '2026-06-20 04:02:13'),
(3, '1003', 'Petty Cash', '', NULL, 1, 0.00, 0.00, 1, 1, 0, NULL, '2026-06-20 04:02:13', '2026-06-20 04:02:13'),
(4, '5001', 'Salary Expense', 'EXPENSE', NULL, 1, 0.00, 0.00, 1, 1, 0, NULL, '2026-06-20 04:02:13', '2026-06-20 04:02:13'),
(5, '5002', 'Employee Advances', 'EXPENSE', NULL, 1, 0.00, 0.00, 1, 1, 0, NULL, '2026-06-20 04:02:13', '2026-06-20 04:02:13'),
(6, '5003', 'Bonus & Incentives', 'EXPENSE', NULL, 1, 0.00, 0.00, 1, 1, 0, NULL, '2026-06-20 04:02:13', '2026-06-20 04:02:13'),
(7, '5004', 'Travel Expense', 'EXPENSE', NULL, 1, 0.00, 0.00, 1, 1, 0, NULL, '2026-06-20 04:02:13', '2026-06-20 04:02:13'),
(8, '5005', 'Utilities', 'EXPENSE', NULL, 1, 0.00, 0.00, 1, 1, 0, NULL, '2026-06-20 04:02:13', '2026-06-20 04:02:13'),
(9, '5006', 'Office Supplies', 'EXPENSE', NULL, 1, 0.00, 0.00, 1, 1, 0, NULL, '2026-06-20 04:02:13', '2026-06-20 04:02:13'),
(10, '4001', 'Sales Revenue', 'INCOME', NULL, 1, 0.00, 0.00, 1, 1, 0, NULL, '2026-06-20 04:02:13', '2026-06-20 04:02:13'),
(11, '4002', 'Service Revenue', 'INCOME', NULL, 1, 0.00, 0.00, 1, 1, 0, NULL, '2026-06-20 04:02:13', '2026-06-20 04:02:13'),
(12, '9001', 'Suspense Account', 'SUSPENSE', NULL, 1, 0.00, 0.00, 1, 1, 0, NULL, '2026-06-20 04:02:13', '2026-06-20 04:02:13');

-- --------------------------------------------------------

--
-- Table structure for table `ledger_entries`
--

DROP TABLE IF EXISTS `ledger_entries`;
CREATE TABLE IF NOT EXISTS `ledger_entries` (
  `id` bigint UNSIGNED NOT NULL AUTO_INCREMENT,
  `voucher_id` bigint UNSIGNED NOT NULL,
  `voucher_detail_id` bigint UNSIGNED DEFAULT NULL,
  `account_id` bigint UNSIGNED NOT NULL,
  `entry_date` date NOT NULL,
  `voucher_type` enum('PAYMENT','RECEIPT','JOURNAL','CONTRA','TRANSFER') COLLATE utf8mb4_unicode_ci NOT NULL,
  `voucher_number` varchar(50) COLLATE utf8mb4_unicode_ci NOT NULL,
  `debit_amount` decimal(15,2) NOT NULL DEFAULT '0.00',
  `credit_amount` decimal(15,2) NOT NULL DEFAULT '0.00',
  `balance_type` enum('DEBIT','CREDIT') COLLATE utf8mb4_unicode_ci NOT NULL,
  `running_balance` decimal(15,2) NOT NULL DEFAULT '0.00',
  `narration` text COLLATE utf8mb4_unicode_ci,
  `reference_id` bigint UNSIGNED DEFAULT NULL,
  `reference_type` varchar(50) COLLATE utf8mb4_unicode_ci DEFAULT NULL,
  `branch_id` bigint UNSIGNED DEFAULT NULL,
  `created_at` timestamp NOT NULL DEFAULT CURRENT_TIMESTAMP,
  PRIMARY KEY (`id`),
  KEY `idx_voucher_id` (`voucher_id`),
  KEY `idx_account_id` (`account_id`),
  KEY `idx_entry_date` (`entry_date`),
  KEY `idx_voucher_number` (`voucher_number`),
  KEY `idx_voucher_type` (`voucher_type`),
  KEY `idx_branch_id` (`branch_id`),
  KEY `idx_reference` (`reference_id`,`reference_type`)
) ENGINE=InnoDB AUTO_INCREMENT=3 DEFAULT CHARSET=utf8mb4 COLLATE=utf8mb4_unicode_ci;

--
-- Dumping data for table `ledger_entries`
--

INSERT INTO `ledger_entries` (`id`, `voucher_id`, `voucher_detail_id`, `account_id`, `entry_date`, `voucher_type`, `voucher_number`, `debit_amount`, `credit_amount`, `balance_type`, `running_balance`, `narration`, `reference_id`, `reference_type`, `branch_id`, `created_at`) VALUES
(1, 1, 1, 3, '2026-06-21', 'PAYMENT', 'PY-2026-000001', 1500.00, 0.00, 'DEBIT', 0.00, '', NULL, NULL, 21, '2026-06-21 06:58:53'),
(2, 1, 2, 1, '2026-06-21', 'PAYMENT', 'PY-2026-000001', 0.00, 1500.00, 'CREDIT', 0.00, '', NULL, NULL, 21, '2026-06-21 06:58:53');

-- --------------------------------------------------------

--
-- Table structure for table `parcels`
--

DROP TABLE IF EXISTS `parcels`;
CREATE TABLE IF NOT EXISTS `parcels` (
  `id` bigint UNSIGNED NOT NULL AUTO_INCREMENT,
  `customer_id` bigint UNSIGNED NOT NULL,
  `supplier_id` bigint UNSIGNED DEFAULT NULL,
  `from_branch_id` bigint UNSIGNED NOT NULL,
  `to_branch_id` bigint UNSIGNED NOT NULL,
  `route_id` bigint UNSIGNED DEFAULT NULL,
  `load_number` varchar(50) DEFAULT NULL,
  `is_return_load` tinyint(1) NOT NULL DEFAULT '0',
  `return_route_id` bigint UNSIGNED DEFAULT NULL,
  `return_load_number` varchar(50) DEFAULT NULL,
  `weight` decimal(10,2) NOT NULL DEFAULT '0.00',
  `price` decimal(12,2) DEFAULT NULL,
  `status` enum('pending','in_transit','delivered','cancelled','returned','failed','on_hold','out_for_delivery') NOT NULL DEFAULT 'pending',
  `tracking_number` varchar(50) DEFAULT NULL,
  `vehicle_no` varchar(50) DEFAULT NULL,
  `created_at` timestamp NULL DEFAULT CURRENT_TIMESTAMP,
  `updated_at` timestamp NULL DEFAULT CURRENT_TIMESTAMP ON UPDATE CURRENT_TIMESTAMP,
  `last_email_status` varchar(10) DEFAULT NULL,
  `last_emailed_at` datetime DEFAULT NULL,
  `last_email_subject` varchar(255) DEFAULT NULL,
  `last_email_text` mediumtext,
  `invoice_no` int UNSIGNED DEFAULT NULL,
  `invoice_number` varchar(32) DEFAULT NULL,
  `invoice_id` int UNSIGNED DEFAULT NULL,
  `delivery_route` varchar(255) DEFAULT NULL,
  PRIMARY KEY (`id`),
  UNIQUE KEY `tracking_number` (`tracking_number`),
  KEY `fk_parcel_supplier` (`supplier_id`),
  KEY `fk_parcel_from_branch` (`from_branch_id`),
  KEY `idx_parcels_customer` (`customer_id`),
  KEY `idx_parcels_status` (`status`),
  KEY `idx_parcels_to_branch` (`to_branch_id`),
  KEY `idx_parcels_route` (`route_id`),
  KEY `idx_parcels_load_number` (`load_number`),
  KEY `idx_parcels_return_load` (`is_return_load`,`return_load_number`),
  KEY `fk_parcel_return_route` (`return_route_id`),
  KEY `idx_parcels_invoice_id` (`invoice_id`)
) ENGINE=InnoDB AUTO_INCREMENT=215 DEFAULT CHARSET=utf8mb4 COLLATE=utf8mb4_0900_ai_ci;

-- --------------------------------------------------------

--
-- Table structure for table `parcel_activity_log`
--

DROP TABLE IF EXISTS `parcel_activity_log`;
CREATE TABLE IF NOT EXISTS `parcel_activity_log` (
  `id` bigint UNSIGNED NOT NULL AUTO_INCREMENT,
  `parcel_id` bigint UNSIGNED NOT NULL,
  `action` varchar(40) COLLATE utf8mb4_unicode_ci NOT NULL,
  `user_id` bigint UNSIGNED DEFAULT NULL,
  `meta_json` text COLLATE utf8mb4_unicode_ci,
  `created_at` timestamp NOT NULL DEFAULT CURRENT_TIMESTAMP,
  PRIMARY KEY (`id`),
  KEY `idx_parcel_activity_parcel` (`parcel_id`),
  KEY `idx_parcel_activity_created` (`created_at`)
) ENGINE=InnoDB AUTO_INCREMENT=14 DEFAULT CHARSET=utf8mb4 COLLATE=utf8mb4_unicode_ci;

--
-- Dumping data for table `parcel_activity_log`
--

INSERT INTO `parcel_activity_log` (`id`, `parcel_id`, `action`, `user_id`, `meta_json`, `created_at`) VALUES
(1, 203, 'created', 27, '{\"weight\":29,\"status\":\"pending\",\"tracking\":\"\"}', '2026-03-31 12:11:17'),
(2, 204, 'created', 27, '{\"weight\":1,\"status\":\"pending\",\"tracking\":\"\"}', '2026-04-08 05:01:32'),
(3, 205, 'created', 27, '{\"weight\":1,\"status\":\"pending\",\"tracking\":\"\"}', '2026-04-08 06:55:41'),
(4, 206, 'created', 27, '{\"weight\":1,\"status\":\"pending\",\"tracking\":\"\"}', '2026-06-21 06:34:48'),
(5, 207, 'created', 27, '{\"weight\":1,\"status\":\"pending\",\"tracking\":\"\"}', '2026-06-21 06:39:17'),
(6, 211, 'created', 27, '{\"weight\":2,\"status\":\"pending\",\"tracking\":\"\"}', '2026-06-21 07:50:54'),
(7, 212, 'created', 27, '{\"weight\":20,\"status\":\"pending\",\"tracking\":\"\"}', '2026-06-21 07:57:52'),
(8, 212, 'updated', 27, '{\"weight\":31,\"status\":\"pending\",\"tracking\":\"SR260621-00212\"}', '2026-06-21 08:05:29'),
(9, 212, 'updated', 27, '{\"weight\":31,\"status\":\"pending\",\"tracking\":\"SR260621-00212\"}', '2026-06-21 08:05:59'),
(10, 212, 'updated', 27, '{\"weight\":172,\"status\":\"pending\",\"tracking\":\"SR260621-00212\"}', '2026-06-21 08:06:30'),
(11, 213, 'created', 27, '{\"weight\":1,\"status\":\"pending\",\"tracking\":\"\"}', '2026-06-21 08:06:51'),
(12, 214, 'created', 27, '{\"weight\":4,\"status\":\"pending\",\"tracking\":\"\"}', '2026-06-21 08:37:55'),
(13, 214, 'updated', 27, '{\"weight\":59,\"status\":\"pending\",\"tracking\":\"SR260621-00214\"}', '2026-06-21 08:38:13');

-- --------------------------------------------------------

--
-- Table structure for table `parcel_emails`
--

DROP TABLE IF EXISTS `parcel_emails`;
CREATE TABLE IF NOT EXISTS `parcel_emails` (
  `id` int NOT NULL AUTO_INCREMENT,
  `parcel_id` bigint UNSIGNED NOT NULL,
  `to_email` varchar(255) NOT NULL,
  `subject` varchar(255) NOT NULL,
  `html_body` mediumtext,
  `text_body` mediumtext,
  `status` enum('sent','failed') NOT NULL,
  `error` text,
  `created_at` timestamp NOT NULL DEFAULT CURRENT_TIMESTAMP,
  PRIMARY KEY (`id`),
  KEY `idx_parcel` (`parcel_id`)
) ENGINE=InnoDB AUTO_INCREMENT=3 DEFAULT CHARSET=utf8mb4 COLLATE=utf8mb4_0900_ai_ci;

-- --------------------------------------------------------

--
-- Table structure for table `parcel_items`
--

DROP TABLE IF EXISTS `parcel_items`;
CREATE TABLE IF NOT EXISTS `parcel_items` (
  `id` bigint UNSIGNED NOT NULL AUTO_INCREMENT,
  `parcel_id` bigint UNSIGNED NOT NULL,
  `qty` decimal(10,2) NOT NULL DEFAULT '0.00',
  `description` varchar(255) NOT NULL,
  `rate` decimal(12,2) DEFAULT NULL,
  `amount` decimal(12,2) GENERATED ALWAYS AS ((ifnull(`qty`,0) * ifnull(`rate`,0))) STORED,
  `additional_amount` decimal(12,2) DEFAULT NULL,
  `additional_amounts` text,
  PRIMARY KEY (`id`),
  KEY `idx_parcel_items_parcel` (`parcel_id`)
) ENGINE=InnoDB AUTO_INCREMENT=260 DEFAULT CHARSET=utf8mb4 COLLATE=utf8mb4_0900_ai_ci;

-- --------------------------------------------------------

--
-- Table structure for table `payments`
--

DROP TABLE IF EXISTS `payments`;
CREATE TABLE IF NOT EXISTS `payments` (
  `id` bigint UNSIGNED NOT NULL AUTO_INCREMENT,
  `delivery_note_id` bigint UNSIGNED NOT NULL,
  `amount` decimal(12,2) NOT NULL,
  `paid_at` datetime NOT NULL,
  `received_by` bigint UNSIGNED DEFAULT NULL,
  PRIMARY KEY (`id`),
  KEY `fk_payments_user` (`received_by`),
  KEY `idx_payments_dn` (`delivery_note_id`),
  KEY `idx_payments_paid_at` (`paid_at`)
) ENGINE=InnoDB AUTO_INCREMENT=54 DEFAULT CHARSET=utf8mb4 COLLATE=utf8mb4_0900_ai_ci;

-- --------------------------------------------------------

--
-- Table structure for table `reminders`
--

DROP TABLE IF EXISTS `reminders`;
CREATE TABLE IF NOT EXISTS `reminders` (
  `id` bigint UNSIGNED NOT NULL AUTO_INCREMENT,
  `title` varchar(180) NOT NULL,
  `category` varchar(60) DEFAULT NULL,
  `due_date` date NOT NULL,
  `repeat_interval` enum('none','monthly','quarterly','yearly') NOT NULL DEFAULT 'none',
  `notify_before_days` int NOT NULL DEFAULT '7',
  `notes` varchar(255) DEFAULT NULL,
  `status` enum('open','done') NOT NULL DEFAULT 'open',
  `created_by` bigint UNSIGNED DEFAULT NULL,
  `created_at` timestamp NULL DEFAULT CURRENT_TIMESTAMP,
  `repeat_every_days` int DEFAULT NULL,
  PRIMARY KEY (`id`),
  KEY `idx_rem_due` (`due_date`),
  KEY `idx_rem_cat` (`category`)
) ENGINE=InnoDB AUTO_INCREMENT=7 DEFAULT CHARSET=utf8mb4 COLLATE=utf8mb4_0900_ai_ci;

-- --------------------------------------------------------

--
-- Table structure for table `routes`
--

DROP TABLE IF EXISTS `routes`;
CREATE TABLE IF NOT EXISTS `routes` (
  `id` bigint UNSIGNED NOT NULL AUTO_INCREMENT,
  `name` varchar(120) NOT NULL,
  `notes` varchar(255) DEFAULT NULL,
  `created_at` timestamp NULL DEFAULT CURRENT_TIMESTAMP,
  `updated_at` timestamp NULL DEFAULT CURRENT_TIMESTAMP ON UPDATE CURRENT_TIMESTAMP,
  PRIMARY KEY (`id`),
  UNIQUE KEY `name` (`name`)
) ENGINE=InnoDB AUTO_INCREMENT=10 DEFAULT CHARSET=utf8mb4 COLLATE=utf8mb4_0900_ai_ci;

-- --------------------------------------------------------

--
-- Table structure for table `salaries`
--

DROP TABLE IF EXISTS `salaries`;
CREATE TABLE IF NOT EXISTS `salaries` (
  `id` bigint UNSIGNED NOT NULL AUTO_INCREMENT,
  `employee_id` bigint UNSIGNED NOT NULL,
  `month` year NOT NULL,
  `month_num` tinyint UNSIGNED NOT NULL,
  `payment_date` date DEFAULT NULL,
  `status` enum('paid','pending') NOT NULL DEFAULT 'pending',
  `amount` decimal(12,2) NOT NULL,
  `created_at` timestamp NULL DEFAULT CURRENT_TIMESTAMP,
  `updated_at` timestamp NULL DEFAULT CURRENT_TIMESTAMP ON UPDATE CURRENT_TIMESTAMP,
  PRIMARY KEY (`id`),
  UNIQUE KEY `uq_salary_emp_month` (`employee_id`,`month`,`month_num`)
) ENGINE=InnoDB AUTO_INCREMENT=3395 DEFAULT CHARSET=utf8mb4 COLLATE=utf8mb4_0900_ai_ci;

-- --------------------------------------------------------

--
-- Table structure for table `suppliers`
--

DROP TABLE IF EXISTS `suppliers`;
CREATE TABLE IF NOT EXISTS `suppliers` (
  `id` bigint UNSIGNED NOT NULL AUTO_INCREMENT,
  `name` varchar(150) NOT NULL,
  `phone` varchar(20) DEFAULT NULL,
  `branch_id` bigint UNSIGNED DEFAULT NULL,
  `supplier_code` varchar(30) DEFAULT NULL,
  `created_at` timestamp NULL DEFAULT CURRENT_TIMESTAMP,
  `updated_at` timestamp NULL DEFAULT CURRENT_TIMESTAMP ON UPDATE CURRENT_TIMESTAMP,
  PRIMARY KEY (`id`),
  KEY `idx_suppliers_branch` (`branch_id`),
  KEY `idx_suppliers_code` (`supplier_code`)
) ENGINE=InnoDB AUTO_INCREMENT=12 DEFAULT CHARSET=utf8mb4 COLLATE=utf8mb4_0900_ai_ci;

--
-- Dumping data for table `suppliers`
--

INSERT INTO `suppliers` (`id`, `name`, `phone`, `branch_id`, `supplier_code`, `created_at`, `updated_at`) VALUES
(10, 'user', '+94778870135', 2, '', '2026-06-21 09:00:25', '2026-06-21 09:00:25'),
(11, 'test', '+94778870135', 2, '', '2026-06-21 09:00:25', '2026-06-21 09:00:25');

-- --------------------------------------------------------

--
-- Table structure for table `transaction_audit_logs`
--

DROP TABLE IF EXISTS `transaction_audit_logs`;
CREATE TABLE IF NOT EXISTS `transaction_audit_logs` (
  `id` bigint UNSIGNED NOT NULL AUTO_INCREMENT,
  `voucher_id` bigint UNSIGNED NOT NULL COMMENT 'Reference to voucher',
  `action` varchar(50) COLLATE utf8mb4_unicode_ci NOT NULL COMMENT 'Action performed (CREATE, UPDATE, DELETE, APPROVE, REJECT, POST, etc)',
  `action_type` enum('CREATE','UPDATE','DELETE','APPROVE','REJECT','POST','REVERT','EXPORT') COLLATE utf8mb4_unicode_ci NOT NULL DEFAULT 'CREATE',
  `old_values` json DEFAULT NULL COMMENT 'Previous values (JSON)',
  `new_values` json DEFAULT NULL COMMENT 'New values (JSON)',
  `changed_fields` json DEFAULT NULL COMMENT 'Array of changed field names',
  `user_id` bigint UNSIGNED DEFAULT NULL COMMENT 'User who performed action',
  `ip_address` varchar(45) COLLATE utf8mb4_unicode_ci DEFAULT NULL COMMENT 'IP address of user',
  `user_agent` varchar(500) COLLATE utf8mb4_unicode_ci DEFAULT NULL COMMENT 'Browser user agent',
  `session_id` varchar(100) COLLATE utf8mb4_unicode_ci DEFAULT NULL COMMENT 'Session identifier',
  `reason` text COLLATE utf8mb4_unicode_ci COMMENT 'Reason for action (approval/rejection/etc)',
  `status_before` varchar(50) COLLATE utf8mb4_unicode_ci DEFAULT NULL COMMENT 'Status before action',
  `status_after` varchar(50) COLLATE utf8mb4_unicode_ci DEFAULT NULL COMMENT 'Status after action',
  `created_at` timestamp NOT NULL DEFAULT CURRENT_TIMESTAMP,
  PRIMARY KEY (`id`),
  KEY `idx_voucher_id` (`voucher_id`),
  KEY `idx_action` (`action`),
  KEY `idx_user_id` (`user_id`),
  KEY `idx_created_at` (`created_at`),
  KEY `idx_action_type` (`action_type`),
  KEY `idx_audit_search` (`voucher_id`,`created_at`,`user_id`)
) ENGINE=InnoDB DEFAULT CHARSET=utf8mb4 COLLATE=utf8mb4_unicode_ci COMMENT='Audit trail for all voucher transactions';

-- --------------------------------------------------------

--
-- Table structure for table `transfer_vouchers`
--

DROP TABLE IF EXISTS `transfer_vouchers`;
CREATE TABLE IF NOT EXISTS `transfer_vouchers` (
  `id` bigint UNSIGNED NOT NULL AUTO_INCREMENT,
  `voucher_no` varchar(50) COLLATE utf8mb4_unicode_ci NOT NULL,
  `sequence_no` int UNSIGNED NOT NULL,
  `fiscal_year` varchar(10) COLLATE utf8mb4_unicode_ci NOT NULL,
  `voucher_date` date NOT NULL,
  `from_account_id` int UNSIGNED NOT NULL,
  `to_account_id` int UNSIGNED NOT NULL,
  `amount` decimal(15,2) NOT NULL DEFAULT '0.00',
  `reference_number` varchar(100) COLLATE utf8mb4_unicode_ci DEFAULT NULL,
  `narration` text COLLATE utf8mb4_unicode_ci,
  `status` enum('DRAFT','POSTED','CANCELLED') COLLATE utf8mb4_unicode_ci NOT NULL DEFAULT 'DRAFT',
  `cashbook_transfer_id` int UNSIGNED DEFAULT NULL,
  `created_by` int UNSIGNED DEFAULT NULL,
  `posted_by` int UNSIGNED DEFAULT NULL,
  `cancelled_by` int UNSIGNED DEFAULT NULL,
  `posted_at` datetime DEFAULT NULL,
  `cancelled_at` datetime DEFAULT NULL,
  `cancel_reason` text COLLATE utf8mb4_unicode_ci,
  `created_at` datetime NOT NULL DEFAULT CURRENT_TIMESTAMP,
  `updated_at` datetime NOT NULL DEFAULT CURRENT_TIMESTAMP ON UPDATE CURRENT_TIMESTAMP,
  PRIMARY KEY (`id`),
  UNIQUE KEY `uq_transfer_voucher_no` (`voucher_no`),
  UNIQUE KEY `uq_transfer_voucher_seq` (`fiscal_year`,`sequence_no`),
  KEY `idx_transfer_voucher_status` (`status`),
  KEY `idx_transfer_voucher_date` (`voucher_date`),
  KEY `idx_transfer_voucher_created_by` (`created_by`),
  KEY `idx_transfer_voucher_posted_at` (`posted_at`),
  KEY `idx_transfer_voucher_cashbook_transfer` (`cashbook_transfer_id`)
) ENGINE=InnoDB DEFAULT CHARSET=utf8mb4 COLLATE=utf8mb4_unicode_ci;

-- --------------------------------------------------------

--
-- Table structure for table `transport_voucher_mapping`
--

DROP TABLE IF EXISTS `transport_voucher_mapping`;
CREATE TABLE IF NOT EXISTS `transport_voucher_mapping` (
  `id` bigint UNSIGNED NOT NULL AUTO_INCREMENT,
  `voucher_id` bigint UNSIGNED NOT NULL,
  `transport_type` enum('FUEL','VEHICLE_EXPENSE','CUSTOMER_INVOICE','SUPPLIER_PAYMENT','DRIVER_SALARY') COLLATE utf8mb4_unicode_ci NOT NULL,
  `transport_id` bigint UNSIGNED NOT NULL,
  `mapping_details` json DEFAULT NULL,
  `created_at` timestamp NOT NULL DEFAULT CURRENT_TIMESTAMP,
  PRIMARY KEY (`id`),
  KEY `idx_voucher_id` (`voucher_id`),
  KEY `idx_transport` (`transport_type`,`transport_id`)
) ENGINE=InnoDB DEFAULT CHARSET=utf8mb4 COLLATE=utf8mb4_unicode_ci;

-- --------------------------------------------------------

--
-- Table structure for table `users`
--

DROP TABLE IF EXISTS `users`;
CREATE TABLE IF NOT EXISTS `users` (
  `id` bigint UNSIGNED NOT NULL AUTO_INCREMENT,
  `username` varchar(50) NOT NULL,
  `password_hash` varchar(255) NOT NULL,
  `full_name` varchar(120) NOT NULL,
  `role` varchar(50) DEFAULT NULL,
  `branch_id` bigint UNSIGNED DEFAULT NULL,
  `is_main_branch` tinyint(1) NOT NULL DEFAULT '0',
  `active` tinyint(1) NOT NULL DEFAULT '1',
  `created_at` timestamp NULL DEFAULT CURRENT_TIMESTAMP,
  `updated_at` timestamp NULL DEFAULT CURRENT_TIMESTAMP ON UPDATE CURRENT_TIMESTAMP,
  PRIMARY KEY (`id`),
  UNIQUE KEY `username` (`username`),
  KEY `fk_users_branch` (`branch_id`)
) ENGINE=InnoDB AUTO_INCREMENT=29 DEFAULT CHARSET=utf8mb4 COLLATE=utf8mb4_0900_ai_ci;

--
-- Dumping data for table `users`
--

INSERT INTO `users` (`id`, `username`, `password_hash`, `full_name`, `role`, `branch_id`, `is_main_branch`, `active`, `created_at`, `updated_at`) VALUES
(28, 'admin', '$2y$10$2iK2Mfv6.JkTyS4TfZc1WuvR7.l/L9JzeumbXNg4KvUcr0uPLN5wm', 'Administrator', 'admin', 2, 1, 1, '2026-06-21 08:51:49', '2026-06-21 08:51:49');

-- --------------------------------------------------------

--
-- Table structure for table `vehicles`
--

DROP TABLE IF EXISTS `vehicles`;
CREATE TABLE IF NOT EXISTS `vehicles` (
  `id` bigint UNSIGNED NOT NULL AUTO_INCREMENT,
  `reg_number` varchar(50) COLLATE utf8mb4_unicode_ci NOT NULL,
  `type` varchar(50) COLLATE utf8mb4_unicode_ci DEFAULT NULL,
  `capacity` decimal(10,2) DEFAULT NULL,
  `status` enum('active','inactive') COLLATE utf8mb4_unicode_ci DEFAULT 'active',
  `created_at` timestamp NULL DEFAULT CURRENT_TIMESTAMP,
  PRIMARY KEY (`id`),
  UNIQUE KEY `reg_number` (`reg_number`)
) ENGINE=InnoDB AUTO_INCREMENT=17 DEFAULT CHARSET=utf8mb4 COLLATE=utf8mb4_unicode_ci;

-- --------------------------------------------------------

--
-- Table structure for table `vouchers`
--

DROP TABLE IF EXISTS `vouchers`;
CREATE TABLE IF NOT EXISTS `vouchers` (
  `id` bigint UNSIGNED NOT NULL AUTO_INCREMENT,
  `voucher_number` varchar(50) COLLATE utf8mb4_unicode_ci NOT NULL COMMENT 'Unique voucher number - auto-generated',
  `voucher_type` enum('RECEIPT','PAYMENT','JOURNAL','TRANSFER','CONTRA') COLLATE utf8mb4_unicode_ci NOT NULL DEFAULT 'PAYMENT' COMMENT 'Type of voucher',
  `fiscal_year` varchar(10) COLLATE utf8mb4_unicode_ci NOT NULL COMMENT 'Fiscal year for validation',
  `voucher_date` date NOT NULL COMMENT 'Date of voucher transaction',
  `payment_mode` enum('CASH','BANK','CHEQUE','ONLINE','PETTY_CASH','OTHER') COLLATE utf8mb4_unicode_ci NOT NULL DEFAULT 'CASH' COMMENT 'Mode of payment',
  `cheque_number` varchar(50) COLLATE utf8mb4_unicode_ci DEFAULT NULL COMMENT 'Cheque number if payment mode is CHEQUE',
  `cheque_date` date DEFAULT NULL COMMENT 'Cheque maturity date',
  `cheque_bank` varchar(100) COLLATE utf8mb4_unicode_ci DEFAULT NULL COMMENT 'Cheque issuing bank',
  `reference_number` varchar(100) COLLATE utf8mb4_unicode_ci DEFAULT NULL COMMENT 'External reference (PO, Bill, etc)',
  `narration` text COLLATE utf8mb4_unicode_ci COMMENT 'Description/memo for the voucher',
  `status` enum('DRAFT','SUBMITTED','APPROVED','POSTED','REJECTED','CANCELLED') COLLATE utf8mb4_unicode_ci NOT NULL DEFAULT 'DRAFT' COMMENT 'Voucher status',
  `approval_status` enum('PENDING','APPROVED','REJECTED') COLLATE utf8mb4_unicode_ci NOT NULL DEFAULT 'PENDING' COMMENT 'Approval workflow status',
  `total_debit` decimal(15,2) NOT NULL DEFAULT '0.00' COMMENT 'Total debit amount',
  `total_credit` decimal(15,2) NOT NULL DEFAULT '0.00' COMMENT 'Total credit amount',
  `balance_amount` decimal(15,2) NOT NULL DEFAULT '0.00' COMMENT 'Remaining balance to balance',
  `created_by` bigint UNSIGNED DEFAULT NULL COMMENT 'User who created voucher',
  `approved_by` bigint UNSIGNED DEFAULT NULL COMMENT 'User who approved voucher',
  `posted_by` bigint UNSIGNED DEFAULT NULL COMMENT 'User who posted voucher',
  `created_at` timestamp NOT NULL DEFAULT CURRENT_TIMESTAMP,
  `updated_at` timestamp NOT NULL DEFAULT CURRENT_TIMESTAMP ON UPDATE CURRENT_TIMESTAMP,
  `posted_at` timestamp NULL DEFAULT NULL COMMENT 'When voucher was posted to ledger',
  `deleted_at` timestamp NULL DEFAULT NULL COMMENT 'Soft delete timestamp',
  `series_id` bigint UNSIGNED DEFAULT NULL,
  `bank_account_id` bigint UNSIGNED DEFAULT NULL,
  `branch_id` bigint UNSIGNED DEFAULT NULL,
  `cancelled_at` timestamp NULL DEFAULT NULL,
  `cancelled_by` bigint UNSIGNED DEFAULT NULL,
  `cancellation_reason` text COLLATE utf8mb4_unicode_ci,
  PRIMARY KEY (`id`),
  UNIQUE KEY `voucher_number` (`voucher_number`),
  KEY `idx_voucher_date` (`voucher_date`),
  KEY `idx_status` (`status`),
  KEY `idx_approval_status` (`approval_status`),
  KEY `idx_fiscal_year` (`fiscal_year`),
  KEY `idx_payment_mode` (`payment_mode`),
  KEY `idx_created_by` (`created_by`),
  KEY `idx_created_at` (`created_at`),
  KEY `idx_deleted_at` (`deleted_at`),
  KEY `idx_voucher_type` (`voucher_type`),
  KEY `idx_vouchers_search` (`voucher_date`,`status`,`created_by`,`deleted_at`)
) ENGINE=InnoDB AUTO_INCREMENT=2 DEFAULT CHARSET=utf8mb4 COLLATE=utf8mb4_unicode_ci COMMENT='Master voucher records';

--
-- Dumping data for table `vouchers`
--

INSERT INTO `vouchers` (`id`, `voucher_number`, `voucher_type`, `fiscal_year`, `voucher_date`, `payment_mode`, `cheque_number`, `cheque_date`, `cheque_bank`, `reference_number`, `narration`, `status`, `approval_status`, `total_debit`, `total_credit`, `balance_amount`, `created_by`, `approved_by`, `posted_by`, `created_at`, `updated_at`, `posted_at`, `deleted_at`, `series_id`, `bank_account_id`, `branch_id`, `cancelled_at`, `cancelled_by`, `cancellation_reason`) VALUES
(1, 'PY-2026-000001', 'PAYMENT', '2026', '2026-06-21', 'CASH', NULL, NULL, NULL, '', '', 'POSTED', 'PENDING', 1500.00, 1500.00, 0.00, 27, NULL, 27, '2026-06-21 06:58:53', '2026-06-21 06:58:53', '2026-06-21 06:58:53', NULL, NULL, NULL, 21, NULL, NULL, NULL);

-- --------------------------------------------------------

--
-- Table structure for table `voucher_approvals`
--

DROP TABLE IF EXISTS `voucher_approvals`;
CREATE TABLE IF NOT EXISTS `voucher_approvals` (
  `id` bigint UNSIGNED NOT NULL AUTO_INCREMENT,
  `voucher_id` bigint UNSIGNED NOT NULL COMMENT 'Reference to voucher',
  `first_approver_id` bigint UNSIGNED DEFAULT NULL COMMENT 'First level approver',
  `first_approval_at` timestamp NULL DEFAULT NULL COMMENT 'First approval timestamp',
  `first_approval_notes` text COLLATE utf8mb4_unicode_ci COMMENT 'First approver comments',
  `second_approver_id` bigint UNSIGNED DEFAULT NULL COMMENT 'Second level approver',
  `second_approval_at` timestamp NULL DEFAULT NULL COMMENT 'Second approval timestamp',
  `second_approval_notes` text COLLATE utf8mb4_unicode_ci COMMENT 'Second approver comments',
  `final_approver_id` bigint UNSIGNED DEFAULT NULL COMMENT 'Final approver',
  `final_approval_at` timestamp NULL DEFAULT NULL COMMENT 'Final approval timestamp',
  `final_approval_notes` text COLLATE utf8mb4_unicode_ci COMMENT 'Final approver comments',
  `rejected_by_id` bigint UNSIGNED DEFAULT NULL COMMENT 'User who rejected',
  `rejected_at` timestamp NULL DEFAULT NULL COMMENT 'Rejection timestamp',
  `rejection_reason` text COLLATE utf8mb4_unicode_ci COMMENT 'Reason for rejection',
  `created_at` timestamp NOT NULL DEFAULT CURRENT_TIMESTAMP,
  `updated_at` timestamp NOT NULL DEFAULT CURRENT_TIMESTAMP ON UPDATE CURRENT_TIMESTAMP,
  PRIMARY KEY (`id`),
  UNIQUE KEY `voucher_id` (`voucher_id`),
  KEY `idx_voucher_id` (`voucher_id`)
) ENGINE=InnoDB DEFAULT CHARSET=utf8mb4 COLLATE=utf8mb4_unicode_ci COMMENT='Approval workflow tracking for vouchers';

-- --------------------------------------------------------

--
-- Table structure for table `voucher_details`
--

DROP TABLE IF EXISTS `voucher_details`;
CREATE TABLE IF NOT EXISTS `voucher_details` (
  `id` bigint UNSIGNED NOT NULL AUTO_INCREMENT,
  `voucher_id` bigint UNSIGNED NOT NULL,
  `line_number` int NOT NULL,
  `account_id` bigint UNSIGNED NOT NULL,
  `debit_amount` decimal(15,2) NOT NULL DEFAULT '0.00',
  `credit_amount` decimal(15,2) NOT NULL DEFAULT '0.00',
  `narration` varchar(255) COLLATE utf8mb4_unicode_ci DEFAULT NULL,
  `cost_center_id` bigint UNSIGNED DEFAULT NULL,
  `created_at` timestamp NOT NULL DEFAULT CURRENT_TIMESTAMP,
  `updated_at` timestamp NOT NULL DEFAULT CURRENT_TIMESTAMP ON UPDATE CURRENT_TIMESTAMP,
  PRIMARY KEY (`id`),
  KEY `idx_voucher_id` (`voucher_id`),
  KEY `idx_account_id` (`account_id`),
  KEY `idx_line_number` (`line_number`)
) ENGINE=InnoDB AUTO_INCREMENT=3 DEFAULT CHARSET=utf8mb4 COLLATE=utf8mb4_unicode_ci;

--
-- Dumping data for table `voucher_details`
--

INSERT INTO `voucher_details` (`id`, `voucher_id`, `line_number`, `account_id`, `debit_amount`, `credit_amount`, `narration`, `cost_center_id`, `created_at`, `updated_at`) VALUES
(1, 1, 1, 3, 1500.00, 0.00, '', NULL, '2026-06-21 06:58:53', '2026-06-21 06:58:53'),
(2, 1, 2, 1, 0.00, 1500.00, '', NULL, '2026-06-21 06:58:53', '2026-06-21 06:58:53');

-- --------------------------------------------------------

--
-- Table structure for table `voucher_drafts`
--

DROP TABLE IF EXISTS `voucher_drafts`;
CREATE TABLE IF NOT EXISTS `voucher_drafts` (
  `id` bigint UNSIGNED NOT NULL AUTO_INCREMENT,
  `user_id` bigint UNSIGNED NOT NULL COMMENT 'User creating draft',
  `voucher_id` bigint UNSIGNED DEFAULT NULL COMMENT 'Reference to voucher if linked',
  `draft_data` json NOT NULL COMMENT 'Complete voucher data as JSON',
  `draft_name` varchar(255) COLLATE utf8mb4_unicode_ci DEFAULT NULL COMMENT 'User-given name for draft',
  `status` enum('ACTIVE','ARCHIVED','CONVERTED') COLLATE utf8mb4_unicode_ci NOT NULL DEFAULT 'ACTIVE' COMMENT 'Draft status',
  `last_saved_at` timestamp NOT NULL DEFAULT CURRENT_TIMESTAMP ON UPDATE CURRENT_TIMESTAMP COMMENT 'Last auto-save time',
  `created_at` timestamp NOT NULL DEFAULT CURRENT_TIMESTAMP,
  `expired_at` timestamp NULL DEFAULT NULL COMMENT 'When draft expires (30 days after creation)',
  PRIMARY KEY (`id`),
  KEY `idx_user_id` (`user_id`),
  KEY `idx_voucher_id` (`voucher_id`),
  KEY `idx_status` (`status`),
  KEY `idx_created_at` (`created_at`)
) ENGINE=InnoDB DEFAULT CHARSET=utf8mb4 COLLATE=utf8mb4_unicode_ci COMMENT='Auto-save drafts for voucher entries';

-- --------------------------------------------------------

--
-- Table structure for table `voucher_items`
--

DROP TABLE IF EXISTS `voucher_items`;
CREATE TABLE IF NOT EXISTS `voucher_items` (
  `id` bigint UNSIGNED NOT NULL AUTO_INCREMENT,
  `voucher_id` bigint UNSIGNED NOT NULL COMMENT 'Reference to voucher',
  `line_number` int NOT NULL COMMENT 'Line item sequence number',
  `ledger_account_id` bigint UNSIGNED DEFAULT NULL COMMENT 'Reference to ledger account',
  `account_name` varchar(255) COLLATE utf8mb4_unicode_ci NOT NULL COMMENT 'Account name for quick display',
  `account_code` varchar(50) COLLATE utf8mb4_unicode_ci NOT NULL COMMENT 'Account code/GL code',
  `employee_id` bigint UNSIGNED DEFAULT NULL COMMENT 'If payment to employee',
  `customer_id` bigint UNSIGNED DEFAULT NULL COMMENT 'If payment to/from customer',
  `supplier_id` bigint UNSIGNED DEFAULT NULL COMMENT 'If payment to supplier',
  `debit_amount` decimal(15,2) NOT NULL DEFAULT '0.00' COMMENT 'Debit amount for this line',
  `credit_amount` decimal(15,2) NOT NULL DEFAULT '0.00' COMMENT 'Credit amount for this line',
  `description` text COLLATE utf8mb4_unicode_ci COMMENT 'Line item description/narration',
  `created_at` timestamp NOT NULL DEFAULT CURRENT_TIMESTAMP,
  `updated_at` timestamp NOT NULL DEFAULT CURRENT_TIMESTAMP ON UPDATE CURRENT_TIMESTAMP,
  PRIMARY KEY (`id`),
  KEY `idx_voucher_id` (`voucher_id`),
  KEY `idx_account_code` (`account_code`),
  KEY `idx_employee_id` (`employee_id`),
  KEY `idx_customer_id` (`customer_id`),
  KEY `idx_supplier_id` (`supplier_id`),
  KEY `idx_line_number` (`line_number`),
  KEY `idx_voucher_items_search` (`voucher_id`,`account_code`,`employee_id`)
) ENGINE=InnoDB DEFAULT CHARSET=utf8mb4 COLLATE=utf8mb4_unicode_ci COMMENT='Line items for each voucher - double-entry rows';

-- --------------------------------------------------------

--
-- Table structure for table `voucher_series`
--

DROP TABLE IF EXISTS `voucher_series`;
CREATE TABLE IF NOT EXISTS `voucher_series` (
  `id` bigint UNSIGNED NOT NULL AUTO_INCREMENT,
  `series_name` varchar(50) COLLATE utf8mb4_unicode_ci NOT NULL,
  `voucher_type` enum('PAYMENT','RECEIPT','JOURNAL','CONTRA','TRANSFER') COLLATE utf8mb4_unicode_ci NOT NULL,
  `prefix` varchar(20) COLLATE utf8mb4_unicode_ci NOT NULL,
  `starting_number` int NOT NULL DEFAULT '1',
  `current_number` int NOT NULL DEFAULT '0',
  `reset_type` enum('NONE','YEARLY','MONTHLY') COLLATE utf8mb4_unicode_ci NOT NULL DEFAULT 'YEARLY',
  `is_active` tinyint(1) NOT NULL DEFAULT '1',
  `branch_id` bigint UNSIGNED DEFAULT NULL,
  `created_at` timestamp NOT NULL DEFAULT CURRENT_TIMESTAMP,
  `updated_at` timestamp NOT NULL DEFAULT CURRENT_TIMESTAMP ON UPDATE CURRENT_TIMESTAMP,
  PRIMARY KEY (`id`),
  UNIQUE KEY `series_name` (`series_name`),
  KEY `idx_series_name` (`series_name`),
  KEY `idx_voucher_type` (`voucher_type`),
  KEY `idx_is_active` (`is_active`)
) ENGINE=InnoDB AUTO_INCREMENT=6 DEFAULT CHARSET=utf8mb4 COLLATE=utf8mb4_unicode_ci;

--
-- Dumping data for table `voucher_series`
--

INSERT INTO `voucher_series` (`id`, `series_name`, `voucher_type`, `prefix`, `starting_number`, `current_number`, `reset_type`, `is_active`, `branch_id`, `created_at`, `updated_at`) VALUES
(1, 'PAYMENT_SERIES', 'PAYMENT', 'PY-', 1, 1, 'YEARLY', 1, NULL, '2026-06-21 06:02:15', '2026-06-21 06:58:53'),
(2, 'RECEIPT_SERIES', 'RECEIPT', 'RC-', 1, 0, 'YEARLY', 1, NULL, '2026-06-21 06:02:15', '2026-06-21 06:02:15'),
(3, 'JOURNAL_SERIES', 'JOURNAL', 'JR-', 1, 0, 'YEARLY', 1, NULL, '2026-06-21 06:02:15', '2026-06-21 06:02:15'),
(4, 'CONTRA_SERIES', 'CONTRA', 'CT-', 1, 0, 'YEARLY', 1, NULL, '2026-06-21 06:02:15', '2026-06-21 06:02:15'),
(5, 'TRANSFER_SERIES', 'TRANSFER', 'TR-', 1, 0, 'YEARLY', 1, NULL, '2026-06-21 06:02:15', '2026-06-21 06:02:15');

--
-- Constraints for dumped tables
--

--
-- Constraints for table `accounts`
--
ALTER TABLE `accounts`
  ADD CONSTRAINT `fk_accounts_group` FOREIGN KEY (`account_group_id`) REFERENCES `account_groups` (`id`) ON DELETE RESTRICT;

--
-- Constraints for table `delivery_notes`
--
ALTER TABLE `delivery_notes`
  ADD CONSTRAINT `fk_dn_branch` FOREIGN KEY (`branch_id`) REFERENCES `branches` (`id`),
  ADD CONSTRAINT `fk_dn_customer` FOREIGN KEY (`customer_id`) REFERENCES `customers` (`id`);

--
-- Constraints for table `delivery_note_emails`
--
ALTER TABLE `delivery_note_emails`
  ADD CONSTRAINT `fk_dn_emails_dn` FOREIGN KEY (`delivery_note_id`) REFERENCES `delivery_notes` (`id`) ON DELETE CASCADE;

--
-- Constraints for table `delivery_note_parcels`
--
ALTER TABLE `delivery_note_parcels`
  ADD CONSTRAINT `fk_dnp_dn` FOREIGN KEY (`delivery_note_id`) REFERENCES `delivery_notes` (`id`) ON DELETE CASCADE,
  ADD CONSTRAINT `fk_dnp_parcel` FOREIGN KEY (`parcel_id`) REFERENCES `parcels` (`id`);

--
-- Constraints for table `delivery_route_assignments`
--
ALTER TABLE `delivery_route_assignments`
  ADD CONSTRAINT `fk_dra_branch` FOREIGN KEY (`branch_id`) REFERENCES `branches` (`id`) ON UPDATE CASCADE,
  ADD CONSTRAINT `fk_dra_customer` FOREIGN KEY (`customer_id`) REFERENCES `customers` (`id`) ON UPDATE CASCADE;

--
-- Constraints for table `employee_advances`
--
ALTER TABLE `employee_advances`
  ADD CONSTRAINT `fk_emp_adv_branch` FOREIGN KEY (`branch_id`) REFERENCES `branches` (`id`),
  ADD CONSTRAINT `fk_emp_adv_employee` FOREIGN KEY (`employee_id`) REFERENCES `employees` (`id`),
  ADD CONSTRAINT `fk_emp_adv_user` FOREIGN KEY (`created_by`) REFERENCES `users` (`id`);

--
-- Constraints for table `employee_payments`
--
ALTER TABLE `employee_payments`
  ADD CONSTRAINT `fk_employee_payments_employee` FOREIGN KEY (`employee_id`) REFERENCES `employees` (`id`) ON DELETE CASCADE ON UPDATE CASCADE,
  ADD CONSTRAINT `fk_employee_payments_voucher` FOREIGN KEY (`voucher_id`) REFERENCES `vouchers` (`id`) ON DELETE CASCADE ON UPDATE CASCADE;

--
-- Constraints for table `ledger_entries`
--
ALTER TABLE `ledger_entries`
  ADD CONSTRAINT `fk_le_account` FOREIGN KEY (`account_id`) REFERENCES `accounts` (`id`) ON DELETE RESTRICT,
  ADD CONSTRAINT `fk_le_voucher` FOREIGN KEY (`voucher_id`) REFERENCES `vouchers` (`id`) ON DELETE CASCADE;

--
-- Constraints for table `parcels`
--
ALTER TABLE `parcels`
  ADD CONSTRAINT `fk_parcel_return_route` FOREIGN KEY (`return_route_id`) REFERENCES `routes` (`id`) ON DELETE SET NULL,
  ADD CONSTRAINT `fk_parcel_route` FOREIGN KEY (`route_id`) REFERENCES `routes` (`id`) ON DELETE SET NULL;

--
-- Constraints for table `salaries`
--
ALTER TABLE `salaries`
  ADD CONSTRAINT `fk_salaries_employee` FOREIGN KEY (`employee_id`) REFERENCES `employees` (`id`) ON UPDATE CASCADE;

--
-- Constraints for table `transaction_audit_logs`
--
ALTER TABLE `transaction_audit_logs`
  ADD CONSTRAINT `fk_transaction_audit_voucher` FOREIGN KEY (`voucher_id`) REFERENCES `vouchers` (`id`) ON DELETE CASCADE ON UPDATE CASCADE;

--
-- Constraints for table `transport_voucher_mapping`
--
ALTER TABLE `transport_voucher_mapping`
  ADD CONSTRAINT `fk_tvm_voucher` FOREIGN KEY (`voucher_id`) REFERENCES `vouchers` (`id`) ON DELETE CASCADE;

--
-- Constraints for table `voucher_approvals`
--
ALTER TABLE `voucher_approvals`
  ADD CONSTRAINT `fk_voucher_approvals_voucher` FOREIGN KEY (`voucher_id`) REFERENCES `vouchers` (`id`) ON DELETE CASCADE ON UPDATE CASCADE;

--
-- Constraints for table `voucher_details`
--
ALTER TABLE `voucher_details`
  ADD CONSTRAINT `fk_vd_account` FOREIGN KEY (`account_id`) REFERENCES `accounts` (`id`) ON DELETE RESTRICT,
  ADD CONSTRAINT `fk_vd_voucher` FOREIGN KEY (`voucher_id`) REFERENCES `vouchers` (`id`) ON DELETE CASCADE;

--
-- Constraints for table `voucher_items`
--
ALTER TABLE `voucher_items`
  ADD CONSTRAINT `fk_voucher_items_employee` FOREIGN KEY (`employee_id`) REFERENCES `employees` (`id`) ON DELETE SET NULL ON UPDATE CASCADE,
  ADD CONSTRAINT `fk_voucher_items_voucher` FOREIGN KEY (`voucher_id`) REFERENCES `vouchers` (`id`) ON DELETE CASCADE ON UPDATE CASCADE;
COMMIT;

/*!40101 SET CHARACTER_SET_CLIENT=@OLD_CHARACTER_SET_CLIENT */;
/*!40101 SET CHARACTER_SET_RESULTS=@OLD_CHARACTER_SET_RESULTS */;
/*!40101 SET COLLATION_CONNECTION=@OLD_COLLATION_CONNECTION */;
