{
    "company": {
        "name": "TS Transport",
        "reg_no": "KN\/KR\/1443",
        "logo_display": "image",
        "logo_initials": "TS",
        "logo_arch_color": "c00",
        "logo_bar_bg": "000",
        "logo_bar_color": "fff",
        "logo_title_color": "c00",
        "logo_url": "uploads\/logo.jpeg",
        "route_tamil_parts": [
            "கொழும்பு",
            "கிளிநொச்சி",
            "முல்லைத்தீவு"
        ],
        "branches": [
            {
                "name": "Colombo",
                "address_ta": "இல. 71 A, ஆட்டுப்பட்டித்தெரு, கொழும்பு - 13.",
                "address_en": "No. 71A, Wolfendhal Street, Colombo - 13.",
                "phones": "077 2474 905 | 077 2474 177"
            },
            {
                "name": "Kilinochchi",
                "address_ta": "பரவிப்பாஞ்சான், கிளிநொச்சி.",
                "address_en": "Paravippanchan, Kilinochchi.",
                "phones": "021 720 1757 | 077 2474 605"
            },
            {
                "name": "Mullaitivu",
                "address_ta": "ஒட்டுசுட்டான் வீதி, புதுக்குடியிருப்பு, முல்லைத்தீவு.",
                "address_en": "Oddusuddaan Road, Puthukudiyiruppu, Mullaitivu.",
                "phones": "077 2474 205 | 077 2480 830"
            }
        ],
        "addresses": [
            "Colombo: No. 71A, Wolfendhal Street, Colombo 13 | 077 2474905, 077 2474177",
            "Kilinochchi: Paravipanchan, Kilinochchi | 021 720 1757, 0772474605",
            "Mullaitivu: Oddusuddan Road, Puthukudiyiruppu, Mullaitivu | 077 2474205,   077 2480830"
        ],
        "footer_note": "தரப்பட்ட பொருட்களைச் சரிபார்த்துப் பெற்றுக்கொள்வதுடன் 7\r\nநாட்களுக்குள் பெற்றுக்கொள்ளாவிட்டால் நாம் பொறுப்பாளிகள் அல்ல"
    },
    "google_maps_api_key": ""
}